Workbook

Sheet 小車
A1: 重複檢查 | B1: 重複檢查 | C1: # | D1: 中古車編號 | E1: 車身號碼 | F1: 經銷商 | G1: 承辦人員 | H1: 新車品牌 | I1: 送件日期 (YYYY/MM/DD) | J1: 退稅支票受款人 | K1: 是否有中古車 | L1: 案件截止日 | M1: 紙本文件收到日 | N1: First Reviewer | O1: Second Reviewer | P1: 預定送件日期 | Q1: 送件進度 | R1: 回覆內容 1st review 橘色； 2nd review 綠色； 寄信回覆客戶加日期後轉白色；淺藍色為需要再2次追蹤的 | S1: 批次項號 | T1: 車牌 | U1: 寄發匯款通知
A2: =IF(COUNTIF(E:E,E2)>1,"重複","") | B2: =IF(COUNTIF(J:J,J2)>1,"重複","") | C2: A000001 | D2: 50042 | E2: TMBAR0NX1SM057335 | F2: KH | G2: 楊姵瑩/簡郁萱 | H2: Skoda | J2: 林洛仁 | K2: Y | M2: 45917 | N2: Jessie | O2: Sammy | P2: 45944 | Q2: V | R2: 2000cc Ready to go | S2: =VLOOKUP(C2,submitted!A:B,2,FALSE) -> D-2025AB01-2000CC-1 | T2: =VLOOKUP(C2,submitted!A:C,3,FALSE) -> CCL-1231 | U2: =VLOOKUP(T2,'[1]20260201'!$C:$P,14,FALSE) -> 46054
A3: =IF(COUNTIF(E:E,E3)>1,"重複","") | B3: =IF(COUNTIF(J:J,J3)>1,"重複","") | C3: A000002 | D3: 50050 | E3: TMBER9PJ6S4099241 | F3: 原莊 | G3: 廖伊梵 | H3: Skoda | I3: 45917 | J3: 張麗君 | K3: Y | M3: 45917 | N3: Jessie | O3: Sammy | P3: 45944 | Q3: V | R3: 2000cc Ready to go | S3: =VLOOKUP(C3,submitted!A:B,2,FALSE) -> D-2025AB01-2000CC-2 | T3: =VLOOKUP(C3,submitted!A:C,3,FALSE) -> CBY-6753 | U3: =VLOOKUP(T3,'[1]20260201'!$C:$P,14,FALSE) -> 46054
A4: =IF(COUNTIF(E:E,E4)>1,"重複","") -> 重複 | B4: =IF(COUNTIF(J:J,J4)>1,"重複","") -> 重複 | C4: A000003 | D4: 50068 | E4: WVWZZZCD0SW246322 | F4: 宗承 | G4: 薛雅萍 | H4: VW PC | J4: 曾桂芬 | K4: Y | M4: 45917 | N4: Jessie | O4: Sammy | P4: 45944 | Q4: V | R4: 2000cc Ready to go | S4: =VLOOKUP(C4,submitted!A:B,2,FALSE) -> D-2025AB01-2000CC-3 | T4: =VLOOKUP(C4,submitted!A:C,3,FALSE) -> BWR-3880 | U4: =VLOOKUP(T4,'[1]20260201'!$C:$P,14,FALSE) -> 46054
A5: =IF(COUNTIF(E:E,E5)>1,"重複","") | B5: =IF(COUNTIF(J:J,J5)>1,"重複","") | C5: A000004 | D5: 50093 | E5: WAUZZZGY7SA148167 | F5: 奧迪南部汽車 | G5: 鐘莉雯 | H5: Audi | I5: 45922 | J5: 劉家寧 | K5: Y | M5: 45923 | N5: Jessie | O5: Sammy | P5: 45944 | Q5: V | R5: 2000cc Ready to go | S5: =VLOOKUP(C5,submitted!A:B,2,FALSE) -> D-2025AB01-2000CC-4 | T5: =VLOOKUP(C5,submitted!A:C,3,FALSE) -> CAH-1122 | U5: =VLOOKUP(T5,'[1]20260201'!$C:$P,14,FALSE) -> 46054
A6: =IF(COUNTIF(E:E,E6)>1,"重複","") | B6: =IF(COUNTIF(J:J,J6)>1,"重複","") | C6: A000005 | D6: 50100 | E6: TMBLD9PS9ST075259 | F6: KH | G6: 施孟佳/林子森 | H6: Skoda | I6: 45922 | J6: 龔家弘 | K6: Y | M6: 45923 | N6: Jessie | O6: Sammy | P6: 45944 | Q6: V | R6: 2000cc Ready to go | S6: =VLOOKUP(C6,submitted!A:B,2,FALSE) -> D-2025AB01-2000CC-5 | T6: =VLOOKUP(C6,submitted!A:C,3,FALSE) -> CBM-5051 | U6: =VLOOKUP(T6,'[1]20260201'!$C:$P,14,FALSE) -> 46054
A7: =IF(COUNTIF(E:E,E7)>1,"重複","") | B7: =IF(COUNTIF(J:J,J7)>1,"重複","") | C7: A000006 | D7: 50116 | E7: WVGZZZC12RY088372 | F7: 進東-花蓮 | G7: 李秋潔 | H7: VW PC | I7: 45919 | J7: 温芮妤 | K7: Y | M7: 45923 | N7: Jessie | O7: Sammy | P7: 45944 | Q7: V | R7: 2000cc Ready to go | S7: =VLOOKUP(C7,submitted!A:B,2,FALSE) -> D-2025AB01-2000CC-6 | T7: =VLOOKUP(C7,submitted!A:C,3,FALSE) -> BZS-2592 | U7: =VLOOKUP(T7,'[1]20260201'!$C:$P,14,FALSE) -> 46054
A8: =IF(COUNTIF(E:E,E8)>1,"重複","") | B8: =IF(COUNTIF(J:J,J8)>1,"重複","") | C8: A000007 | D8: 50119 | E8: TMBER9PJ5S4091941 | F8: 鈞銓 | G8: 蘇燕玲 | H8: Skoda | I8: 45925 | J8: 劉倧廷 | K8: Y | M8: 45926 | N8: Jessie | O8: Sammy | P8: 45944 | Q8: V | R8: 2000cc Ready to go | S8: =VLOOKUP(C8,submitted!A:B,2,FALSE) -> D-2025AB01-2000CC-7 | T8: =VLOOKUP(C8,submitted!A:C,3,FALSE) -> CAB-9552 | U8: =VLOOKUP(T8,'[1]20260201'!$C:$P,14,FALSE) -> 46054
A9: =IF(COUNTIF(E:E,E9)>1,"重複","") | B9: =IF(COUNTIF(J:J,J9)>1,"重複","") | C9: A000008 | D9: 50123 | E9: WVGZZZC13RY089062 | F9: SWC | G9: 陳昱鈞/張馨瞳 | H9: VW PC | I9: 45925 | J9: 林吉釧 | K9: Y | M9: 45926 | N9: Jessie | O9: Sammy | P9: 45944 | Q9: V | R9: 2000cc Ready to go | S9: =VLOOKUP(C9,submitted!A:B,2,FALSE) -> D-2025AB01-2000CC-8 | T9: =VLOOKUP(C9,submitted!A:C,3,FALSE) -> CBM-3893 | U9: =VLOOKUP(T9,'[1]20260201'!$C:$P,14,FALSE) -> 46054
A10: =IF(COUNTIF(E:E,E10)>1,"重複","") | B10: =IF(COUNTIF(J:J,J10)>1,"重複","") | C10: A000009 | D10: 50128 | E10: WVWZZZCD4SW198579 | F10: 揚昌 | G10: 吳益綸 | H10: VW PC | J10: 王薇清 | K10: Y | M10: 45926 | N10: Jessie | O10: Sammy | P10: 45944 | Q10: V | R10: 2000cc Ready to go | S10: =VLOOKUP(C10,submitted!A:B,2,FALSE) -> D-2025AB01-2000CC-9 | T10: =VLOOKUP(C10,submitted!A:C,3,FALSE) -> CAR-7378 | U10: =VLOOKUP(T10,'[1]20260201'!$C:$P,14,FALSE) -> 46054
A11: =IF(COUNTIF(E:E,E11)>1,"重複","") | B11: =IF(COUNTIF(J:J,J11)>1,"重複","") | C11: A000010 | D11: 50139 | E11: TMBJV0NX5SY151562 | F11: 新竹吉揚 | G11: 黃子芸 | H11: Skoda | I11: 45926 | J11: 黃美珠 | K11: Y | L11: 46096 | M11: 45930 | N11: Jessie | O11: Sammy | P11: 45951 | Q11: V | R11: 2000cc Ready to go | S11: =VLOOKUP(C11,submitted!A:B,2,FALSE) -> D-2025AB01-2000CC-10 | T11: =VLOOKUP(C11,submitted!A:C,3,FALSE) -> BZT-5216 | U11: =VLOOKUP(T11,'[1]20260201'!$C:$P,14,FALSE) -> 46054
A12: =IF(COUNTIF(E:E,E12)>1,"重複","") | B12: =IF(COUNTIF(J:J,J12)>1,"重複","") | C12: A000011 | D12: 50140 | E12: TMBLG9PS7ST093086 | F12: 新竹吉揚 | G12: 黃凱笠 | H12: Skoda | I12: 45926 | J12: 吳啓多 | K12: Y | L12: 46091 | M12: 45930 | N12: Jessie | O12: Sammy | P12: 45951 | Q12: V | R12: 2000cc Ready to go | S12: =VLOOKUP(C12,submitted!A:B,2,FALSE) -> D-2025AB01-2000CC-11 | T12: =VLOOKUP(C12,submitted!A:C,3,FALSE) -> CCN-2198 | U12: =VLOOKUP(T12,'[1]20260201'!$C:$P,14,FALSE) -> 46054
A13: =IF(COUNTIF(E:E,E13)>1,"重複","") | B13: =IF(COUNTIF(J:J,J13)>1,"重複","") | C13: A000012 | D13: 50141 | E13: TMBGK9NW0S3135992 | F13: 新竹吉揚 | G13: 黃子芸 | H13: Skoda | I13: 45926 | J13: 江幸娥 | K13: Y | L13: 46091 | M13: 45930 | N13: Jessie | O13: Sammy | P13: 45951 | Q13: V | R13: 2000cc Ready to go | S13: =VLOOKUP(C13,submitted!A:B,2,FALSE) -> D-2025AB01-2000CC-12 | T13: =VLOOKUP(C13,submitted!A:C,3,FALSE) -> CAR-2951 | U13: =VLOOKUP(T13,'[1]20260201'!$C:$P,14,FALSE) -> 46054
A14: =IF(COUNTIF(E:E,E14)>1,"重複","") -> 重複 | B14: =IF(COUNTIF(J:J,J14)>1,"重複","") -> 重複 | C14: A000013 | D14: 50144 | E14: WAUZZZGY1SA147581 | F14: 台奧北區 | G14: 廖苡伶 | H14: Audi | I14: 9/30業務徐至正親送 | J14: 王怡今 | K14: Y | L14: 46107 | M14: 45930 | N14: Jessie | O14: Sammy | P14: 45951 | Q14: V | R14: 2000cc Ready to go | S14: =VLOOKUP(C14,submitted!A:B,2,FALSE) -> D-2025AB01-2000CC-13 | T14: =VLOOKUP(C14,submitted!A:C,3,FALSE) -> CCL-5807 | U14: =VLOOKUP(T14,'[1]20260201'!$C:$P,14,FALSE) -> 46054
A15: =IF(COUNTIF(E:E,E15)>1,"重複","") -> 重複 | B15: =IF(COUNTIF(J:J,J15)>1,"重複","") -> 重複 | C15: A000014 | D15: 50145 | E15: WAUZZZGY5SA152234 | F15: 台奧北區 | G15: 廖苡伶 | H15: Audi | I15: 9/30業務徐至正親送 | J15: 李玉蘭 | K15: Y | L15: 46104 | M15: 45930 | N15: Jessie | O15: Sammy | P15: 45951 | Q15: V | R15: 2000cc Ready to go | S15: =VLOOKUP(C15,submitted!A:B,2,FALSE) -> D-2025AB01-2000CC-14 | T15: =VLOOKUP(C15,submitted!A:C,3,FALSE) -> BXV-8237 | U15: =VLOOKUP(T15,'[1]20260201'!$C:$P,14,FALSE) -> 46054
A16: =IF(COUNTIF(E:E,E16)>1,"重複","") | B16: =IF(COUNTIF(J:J,J16)>1,"重複","") | C16: A000015 | D16: 50151 | E16: TMBEK9NW6S3143439 | F16: 鈞銓 | G16: 蘇燕玲 | H16: Skoda | I16: 45926 | J16: 江惠廷 | K16: Y | L16: 46096 | M16: 45930 | N16: Jessie | O16: Sammy | P16: 45951 | Q16: V | R16: 2000cc Ready to go | S16: =VLOOKUP(C16,submitted!A:B,2,FALSE) -> D-2025AB01-2000CC-15 | T16: =VLOOKUP(C16,submitted!A:C,3,FALSE) -> CBN-0990 | U16: =VLOOKUP(T16,'[1]20260201'!$C:$P,14,FALSE) -> 46054
A17: =IF(COUNTIF(E:E,E17)>1,"重複","") -> 重複 | B17: =IF(COUNTIF(J:J,J17)>1,"重複","") -> 重複 | C17: A000016 | D17: 50152 | E17: TMBJR0NX7SY151387 | F17: 金元三 | G17: 丁子竣 | H17: Skoda | I17: 45926 | J17: 蔡幸延 | K17: Y | L17: 46097 | M17: 45930 | N17: Jessie | O17: Sammy | P17: 45951 | Q17: V | R17: 2000cc Ready to go | S17: =VLOOKUP(C17,submitted!A:B,2,FALSE) -> D-2025AB01-2000CC-16 | T17: =VLOOKUP(C17,submitted!A:C,3,FALSE) -> CBB-0765 | U17: =VLOOKUP(T17,'[1]20260201'!$C:$P,14,FALSE) -> 46054
A18: =IF(COUNTIF(E:E,E18)>1,"重複","") -> 重複 | B18: =IF(COUNTIF(J:J,J18)>1,"重複","") -> 重複 | C18: A000017 | D18: 50153 | E18: TMBEK9PJ0S4096033 | F18: 金元三 | G18: 丁子竣 | H18: Skoda | I18: 45926 | J18: 胡慕昀 | K18: Y | L18: 46096 | M18: 45930 | N18: Jessie | O18: Sammy | P18: 45951 | Q18: V | R18: 2000cc Ready to go | S18: =VLOOKUP(C18,submitted!A:B,2,FALSE) -> D-2025AB01-2000CC-17 | T18: =VLOOKUP(C18,submitted!A:C,3,FALSE) -> CAR-0232 | U18: =VLOOKUP(T18,'[1]20260201'!$C:$P,14,FALSE) -> 46054
A19: =IF(COUNTIF(E:E,E19)>1,"重複","") -> 重複 | B19: =IF(COUNTIF(J:J,J19)>1,"重複","") -> 重複 | C19: A000018 | D19: 50154 | E19: TMBER9PJ7S4101837 | F19: 金元三 | G19: 丁子竣 | H19: Skoda | I19: 45926 | J19: 吳宜蓁 | K19: Y | L19: 46103 | M19: 45930 | N19: Jessie | O19: Sammy | P19: 45951 | Q19: V | R19: 2000cc Ready to go | S19: =VLOOKUP(C19,submitted!A:B,2,FALSE) -> D-2025AB01-2000CC-18 | T19: =VLOOKUP(C19,submitted!A:C,3,FALSE) -> CBB-1765 | U19: =VLOOKUP(T19,'[1]20260201'!$C:$P,14,FALSE) -> 46054
A20: =IF(COUNTIF(E:E,E20)>1,"重複","") -> 重複 | B20: =IF(COUNTIF(J:J,J20)>1,"重複","") -> 重複 | C20: A000019 | D20: 50157 | E20: TMBJV0NX4SY152556 | F20: 金元三 | G20: 丁子竣 | H20: Skoda | I20: 45932 | J20: 王銘宏 | K20: Y | L20: 46107 | M20: 45930 | N20: Jessie | O20: Sammy | P20: 45951 | Q20: V | R20: 2000cc Ready to go | S20: =VLOOKUP(C20,submitted!A:B,2,FALSE) -> D-2025AB01-2000CC-19 | T20: =VLOOKUP(C20,submitted!A:C,3,FALSE) -> CAY-8580 | U20: =VLOOKUP(T20,'[1]20260201'!$C:$P,14,FALSE) -> 46054
A21: =IF(COUNTIF(E:E,E21)>1,"重複","") -> 重複 | B21: =IF(COUNTIF(J:J,J21)>1,"重複","") -> 重複 | C21: A000020 | D21: 50158 | E21: TMBLP0NZXSC057792 | F21: 喬順 | G21: 蘇妍文 | H21: Skoda | J21: 王裕嘉 | K21: Y | L21: 46107 | M21: 45930 | N21: Jessie | O21: Sammy | P21: 45951 | Q21: V | R21: 2000cc Ready to go | S21: =VLOOKUP(C21,submitted!A:B,2,FALSE) -> D-2025AB01-2000CC-20 | T21: =VLOOKUP(C21,submitted!A:C,3,FALSE) -> CBS-0579 | U21: =VLOOKUP(T21,'[1]20260201'!$C:$P,14,FALSE) -> 46054
A22: =IF(COUNTIF(E:E,E22)>1,"重複","") | B22: =IF(COUNTIF(J:J,J22)>1,"重複","") | C22: A000021 | D22: 50163 | E22: WVWZZZAW9SU003317 | F22: SWK | G22: 李姸樺 | H22: VW PC | I22: 45923 | J22: 楊怡容 | K22: Y | L22: 46103 | M22: 45930 | N22: Jessie | O22: Sammy | P22: 45951 | Q22: V | R22: 2000cc Ready to go | S22: =VLOOKUP(C22,submitted!A:B,2,FALSE) -> D-2025AB01-2000CC-21 | T22: =VLOOKUP(C22,submitted!A:C,3,FALSE) -> CCB-0523 | U22: =VLOOKUP(T22,'[1]20260201'!$C:$P,14,FALSE) -> 46054
A23: =IF(COUNTIF(E:E,E23)>1,"重複","") | B23: =IF(COUNTIF(J:J,J23)>1,"重複","") | C23: A000022 | D23: 50167 | E23: WVWZZZCJ6SD066666 | F23: SWP | G23: 林素卿 | H23: VW PC | J23: 詹家瑀 | K23: Y | L23: 46105 | M23: 45930 | N23: Jessie | O23: Sammy | P23: 45951 | Q23: V | R23: 2000cc Ready to go | S23: =VLOOKUP(C23,submitted!A:B,2,FALSE) -> D-2025AB01-2000CC-22 | T23: =VLOOKUP(C23,submitted!A:C,3,FALSE) -> CBK-1286 | U23: =VLOOKUP(T23,'[1]20260201'!$C:$P,14,FALSE) -> 46054
A24: =IF(COUNTIF(E:E,E24)>1,"重複","") | B24: =IF(COUNTIF(J:J,J24)>1,"重複","") | C24: A000023 | D24: 50169 | E24: WVGZZZC1XRY069293 | F24: SWC | G24: 陳昱鈞/陳奕良 | H24: VW PC | I24: 45932 | J24: 鄭夙玲 | K24: Y | L24: 46097 | M24: 45930 | N24: Jessie | O24: Sammy | P24: 45951 | Q24: V | R24: 2000cc Ready to go | S24: =VLOOKUP(C24,submitted!A:B,2,FALSE) -> D-2025AB01-2000CC-23 | T24: =VLOOKUP(C24,submitted!A:C,3,FALSE) -> CBN-0712 | U24: =VLOOKUP(T24,'[1]20260201'!$C:$P,14,FALSE) -> 46054
A25: =IF(COUNTIF(E:E,E25)>1,"重複","") | B25: =IF(COUNTIF(J:J,J25)>1,"重複","") | C25: A000024 | D25: 50172 | E25: WVGZZZ5N6RM214109 | F25: SWC | G25: 陳昱鈞/洪翊展 | H25: VW PC | I25: 45932 | J25: 張銣育 | K25: Y | L25: 46107 | M25: 45930 | N25: Jessie | O25: Sammy | P25: 45951 | Q25: V | R25: 2000cc Ready to go | S25: =VLOOKUP(C25,submitted!A:B,2,FALSE) -> D-2025AB01-2000CC-24 | T25: =VLOOKUP(C25,submitted!A:C,3,FALSE) -> CBQ-0399 | U25: =VLOOKUP(T25,'[1]20260201'!$C:$P,14,FALSE) -> 46054
A26: =IF(COUNTIF(E:E,E26)>1,"重複","") | B26: =IF(COUNTIF(J:J,J26)>1,"重複","") | C26: A000025 | D26: 50176 | E26: TMBJR9NU4S5072223 | F26: KH | G26: 葉珈妤/李柏維 | H26: Skoda | J26: 陳鈺方 | K26: Y | L26: 46111 | M26: 45939 | N26: Jessie | O26: Sammy | P26: 45950 | Q26: V | R26: 2000cc Ready to go | S26: =VLOOKUP(C26,submitted!A:B,2,FALSE) -> D-2025AB02-2000CC-1 | T26: =VLOOKUP(C26,submitted!A:C,3,FALSE) -> CAE-3782 | U26: =VLOOKUP(T26,'[1]20260201'!$C:$P,14,FALSE) -> 46054
A27: =IF(COUNTIF(E:E,E27)>1,"重複","") | B27: =IF(COUNTIF(J:J,J27)>1,"重複","") -> 重複 | C27: A000026 | D27: 50181 | E27: WAUZZZGY4SA153004 | F27: TCH | G27: 王美婉 | H27: Audi | I27: 45883 | J27: 王芊莉 | K27: Y | L27: 46106 | M27: 45939 | N27: Jessie | O27: Sammy | P27: 45950 | Q27: V | R27: 2000cc Ready to go | S27: =VLOOKUP(C27,submitted!A:B,2,FALSE) -> D-2025AB02-2000CC-2 | T27: =VLOOKUP(C27,submitted!A:C,3,FALSE) -> CCB-6818 | U27: =VLOOKUP(T27,'[1]20260201'!$C:$P,14,FALSE) -> 46054
A28: =IF(COUNTIF(E:E,E28)>1,"重複","") | B28: =IF(COUNTIF(J:J,J28)>1,"重複","") | C28: A000027 | D28: 50183 | E28: WVWZZZCD3SW209684 | F28: BSS1 | G28: 潘玟宏 | H28: VW PC | I28: 45930 | J28: 呂湘惠 | K28: Y | L28: 46100 | M28: 45939 | N28: Jessie | O28: Sammy | P28: 45950 | Q28: V | R28: 2000cc Ready to go | S28: =VLOOKUP(C28,submitted!A:B,2,FALSE) -> D-2025AB02-2000CC-3 | T28: =VLOOKUP(C28,submitted!A:C,3,FALSE) -> BWX-6706 | U28: =VLOOKUP(T28,'[1]20260201'!$C:$P,14,FALSE) -> 46054
A29: =IF(COUNTIF(E:E,E29)>1,"重複","") | B29: =IF(COUNTIF(J:J,J29)>1,"重複","") | C29: A000028 | D29: 50184 | E29: TMBER9PJXS4085942 | F29: 喬順 | G29: 蘇妍文 | H29: Skoda | J29: 廖偉廷 | K29: Y | L29: 46106 | M29: 45939 | N29: Jessie | O29: Sammy | P29: 45950 | Q29: V | R29: 2000cc Ready to go | S29: =VLOOKUP(C29,submitted!A:B,2,FALSE) -> D-2025AB02-2000CC-4 | T29: =VLOOKUP(C29,submitted!A:C,3,FALSE) -> CAR-6771 | U29: =VLOOKUP(T29,'[1]20260201'!$C:$P,14,FALSE) -> 46054
A30: =IF(COUNTIF(E:E,E30)>1,"重複","") | B30: =IF(COUNTIF(J:J,J30)>1,"重複","") | C30: A000029 | D30: 50186 | E30: TMBLG9PS9ST101009 | F30: 喬順 | G30: 蘇妍文 | H30: Skoda | J30: 全慶五金行店料行 | K30: Y | L30: 46111 | M30: 45939 | N30: Jessie | O30: Sammy | P30: 45950 | Q30: V | R30: 2000cc Ready to go | S30: =VLOOKUP(C30,submitted!A:B,2,FALSE) -> D-2025AB02-2000CC-5 | T30: =VLOOKUP(C30,submitted!A:C,3,FALSE) -> CAR-6395 | U30: =VLOOKUP(T30,'[1]20260201'!$C:$P,14,FALSE) -> 46054
A31: =IF(COUNTIF(E:E,E31)>1,"重複","") | B31: =IF(COUNTIF(J:J,J31)>1,"重複","") | C31: A000030 | D31: 50187 | E31: TMBER9PJ0S4102408 | F31: 新竹吉揚 | G31: 黃凱笠 | H31: Skoda | I31: 45933 | J31: 羅欣怡 | K31: Y | L31: 46103 | M31: 45939 | N31: Jessie | O31: Sammy | P31: 45950 | Q31: V | R31: 2000cc Ready to go | S31: =VLOOKUP(C31,submitted!A:B,2,FALSE) -> D-2025AB02-2000CC-6 | T31: =VLOOKUP(C31,submitted!A:C,3,FALSE) -> BZF-3196 | U31: =VLOOKUP(T31,'[1]20260201'!$C:$P,14,FALSE) -> 46054
A32: =IF(COUNTIF(E:E,E32)>1,"重複","") | B32: =IF(COUNTIF(J:J,J32)>1,"重複","") | C32: A000031 | D32: 50188 | E32: TMBJR9NU7S5082938 | F32: 新竹吉揚 | G32: 黃凱笠 | H32: Skoda | I32: 45933 | J32: 孫淑賢 | K32: Y | L32: 46099 | M32: 45939 | N32: Jessie | O32: Sammy | P32: 45950 | Q32: V | R32: 2000cc Ready to go | S32: =VLOOKUP(C32,submitted!A:B,2,FALSE) -> D-2025AB02-2000CC-7 | T32: =VLOOKUP(C32,submitted!A:C,3,FALSE) -> CBD-1616 | U32: =VLOOKUP(T32,'[1]20260201'!$C:$P,14,FALSE) -> 46054
A33: =IF(COUNTIF(E:E,E33)>1,"重複","") | B33: =IF(COUNTIF(J:J,J33)>1,"重複","") | C33: A000032 | D33: 50189 | E33: TMBGK9NW6S3134491 | F33: 新竹吉揚 | G33: 黃子芸 | H33: Skoda | I33: 45933 | J33: 呂恩綺 | K33: Y | L33: 46105 | M33: 45939 | N33: Jessie | O33: Sammy | P33: 45950 | Q33: V | R33: 2000cc Ready to go | S33: =VLOOKUP(C33,submitted!A:B,2,FALSE) -> D-2025AB02-2000CC-8 | T33: =VLOOKUP(C33,submitted!A:C,3,FALSE) -> BZF-3208 | U33: =VLOOKUP(T33,'[1]20260201'!$C:$P,14,FALSE) -> 46054
A34: =IF(COUNTIF(E:E,E34)>1,"重複","") | B34: =IF(COUNTIF(J:J,J34)>1,"重複","") | C34: A000033 | D34: 50190 | E34: TMBJB9PS4ST084187 | F34: 新竹吉揚 | G34: 黃子芸 | H34: Skoda | I34: 45933 | J34: 王榆婷 | K34: Y | L34: 46107 | M34: 45939 | N34: Jessie | O34: Sammy | P34: 45950 | Q34: V | R34: 2000cc Ready to go | S34: =VLOOKUP(C34,submitted!A:B,2,FALSE) -> D-2025AB02-2000CC-9 | T34: =VLOOKUP(C34,submitted!A:C,3,FALSE) -> BZP-3528 | U34: =VLOOKUP(T34,'[1]20260201'!$C:$P,14,FALSE) -> 46054
A35: =IF(COUNTIF(E:E,E35)>1,"重複","") | B35: =IF(COUNTIF(J:J,J35)>1,"重複","") | C35: A000034 | D35: 50191 | E35: TMBJR0NX9SY150645 | F35: 鈞銓 | G35: 鐘友君 | H35: Skoda | I35: 45933 | J35: 吳定穎 | K35: Y | L35: 46092 | M35: 45939 | N35: Jessie | O35: Sammy | P35: 45950 | Q35: V | R35: 2000cc Ready to go | S35: =VLOOKUP(C35,submitted!A:B,2,FALSE) -> D-2025AB02-2000CC-10 | T35: =VLOOKUP(C35,submitted!A:C,3,FALSE) -> CAD-2661 | U35: =VLOOKUP(T35,'[1]20260201'!$C:$P,14,FALSE) -> 46054
A36: =IF(COUNTIF(E:E,E36)>1,"重複","") | B36: =IF(COUNTIF(J:J,J36)>1,"重複","") -> 重複 | C36: A000035 | D36: 50194 | E36: TMBER9PJ7S4102082 | F36: 鈞銓 | G36: 鐘友君 | H36: Skoda | I36: 45933 | J36: 林育如 | K36: Y | L36: 46097 | M36: 45939 | N36: Jessie | O36: Sammy | P36: 45950 | Q36: V | R36: 2000cc Ready to go | S36: =VLOOKUP(C36,submitted!A:B,2,FALSE) -> D-2025AB02-2000CC-11 | T36: =VLOOKUP(C36,submitted!A:C,3,FALSE) -> CBM-6139 | U36: =VLOOKUP(T36,'[1]20260201'!$C:$P,14,FALSE) -> 46054
A37: =IF(COUNTIF(E:E,E37)>1,"重複","") -> 重複 | B37: =IF(COUNTIF(J:J,J37)>1,"重複","") -> 重複 | C37: A000036 | D37: 50196 | E37: TMBER9PJ6S4092046 | F37: TPS尚鵬 | G37: 蔡詩晴 | H37: Skoda | I37: 45937 | J37: 韓定華 | K37: Y | L37: 46093 | M37: 45939 | N37: Jessie | O37: Sammy | P37: 45950 | Q37: V | R37: 2000cc Ready to go | S37: =VLOOKUP(C37,submitted!A:B,2,FALSE) -> D-2025AB02-2000CC-12 | T37: =VLOOKUP(C37,submitted!A:C,3,FALSE) -> CAY-2362 | U37: =VLOOKUP(T37,'[1]20260201'!$C:$P,14,FALSE) -> 46054
A38: =IF(COUNTIF(E:E,E38)>1,"重複","") -> 重複 | B38: =IF(COUNTIF(J:J,J38)>1,"重複","") -> 重複 | C38: A000037 | D38: 50198 | E38: WVGZZZ5N5RM208320 | F38: 宗承 | G38: 薛雅萍 | H38: VW PC | J38: 周昉蓉 | K38: Y | L38: 46113 | M38: 45939 | N38: Jessie | O38: Sammy | P38: 45950 | Q38: V | R38: 2000cc Ready to go | S38: =VLOOKUP(C38,submitted!A:B,2,FALSE) -> D-2025AB02-2000CC-13 | T38: =VLOOKUP(C38,submitted!A:C,3,FALSE) -> CBP-1735 | U38: =VLOOKUP(T38,'[1]20260201'!$C:$P,14,FALSE) -> 46054
A39: =IF(COUNTIF(E:E,E39)>1,"重複","") -> 重複 | B39: =IF(COUNTIF(J:J,J39)>1,"重複","") -> 重複 | C39: A000038 | D39: 50199 | E39: WVGZZZ5N3RM208459 | F39: 宗承 | G39: 薛雅萍 | H39: VW PC | J39: 陳淨馨 | K39: Y | L39: 46107 | M39: 45939 | N39: Jessie | O39: Sammy | P39: 45950 | Q39: V | R39: 2000cc Ready to go | S39: =VLOOKUP(C39,submitted!A:B,2,FALSE) -> D-2025AB02-2000CC-14 | T39: =VLOOKUP(C39,submitted!A:C,3,FALSE) -> CCB-0805 | U39: =VLOOKUP(T39,'[1]20260201'!$C:$P,14,FALSE) -> 46054
A40: =IF(COUNTIF(E:E,E40)>1,"重複","") -> 重複 | B40: =IF(COUNTIF(J:J,J40)>1,"重複","") -> 重複 | C40: A000039 | D40: 50200 | E40: WVGZZZCT5SW561779 | F40: 宗承 | G40: 薛雅萍 | H40: VW PC | J40: 趙鈴娟 | K40: Y | L40: 46104 | M40: 45939 | N40: Jessie | O40: Sammy | P40: 45950 | Q40: V | R40: 2000cc Ready to go | S40: =VLOOKUP(C40,submitted!A:B,2,FALSE) -> D-2025AB02-2000CC-15 | T40: =VLOOKUP(C40,submitted!A:C,3,FALSE) -> CAA-9708 | U40: =VLOOKUP(T40,'[1]20260201'!$C:$P,14,FALSE) -> 46054
A41: =IF(COUNTIF(E:E,E41)>1,"重複","") -> 重複 | B41: =IF(COUNTIF(J:J,J41)>1,"重複","") -> 重複 | C41: A000040 | D41: 50201 | E41: WVGZZZCT9SW534245 | F41: 宗承 | G41: 薛雅萍 | H41: VW PC | J41: 林科佑 | K41: Y | L41: 46103 | M41: 45939 | N41: Jessie | O41: Sammy | P41: 45950 | Q41: V | R41: 2000cc Ready to go | S41: =VLOOKUP(C41,submitted!A:B,2,FALSE) -> D-2025AB02-2000CC-16 | T41: =VLOOKUP(C41,submitted!A:C,3,FALSE) -> BZT-6916 | U41: =VLOOKUP(T41,'[1]20260201'!$C:$P,14,FALSE) -> 46054
A42: =IF(COUNTIF(E:E,E42)>1,"重複","") -> 重複 | B42: =IF(COUNTIF(J:J,J42)>1,"重複","") -> 重複 | C42: A000041 | D42: 50203 | E42: WVGZZZ5N6RM196713 | F42: 宗承 | G42: 薛雅萍 | H42: VW PC | J42: 施鴻璋 | K42: Y | L42: 46096 | M42: 45939 | N42: Jessie | O42: Sammy | P42: 45950 | Q42: V | R42: 2000cc Ready to go | S42: =VLOOKUP(C42,submitted!A:B,2,FALSE) -> D-2025AB02-2000CC-17 | T42: =VLOOKUP(C42,submitted!A:C,3,FALSE) -> CAA-8976 | U42: =VLOOKUP(T42,'[1]20260201'!$C:$P,14,FALSE) -> 46054
A43: =IF(COUNTIF(E:E,E43)>1,"重複","") | B43: =IF(COUNTIF(J:J,J43)>1,"重複","") | C43: A000042 | D43: 50204 | E43: WVGZZZCT7SW561346 | F43: 進東-花蓮 | G43: 李秋潔 | H43: VW PC | I43: 45937 | J43: 冠劼土木包工業 | K43: Y | L43: 46107 | M43: 45939 | N43: Jessie | O43: Sammy | P43: 45950 | Q43: V | R43: 2000cc Ready to go | S43: =VLOOKUP(C43,submitted!A:B,2,FALSE) -> D-2025AB02-2000CC-18 | T43: =VLOOKUP(C43,submitted!A:C,3,FALSE) -> BZS-8166 | U43: =VLOOKUP(T43,'[1]20260201'!$C:$P,14,FALSE) -> 46054
A44: =IF(COUNTIF(E:E,E44)>1,"重複","") -> 重複 | B44: =IF(COUNTIF(J:J,J44)>1,"重複","") -> 重複 | C44: A000043 | D44: 50205 | E44: WVGZZZCT8SW561551 | F44: SWK | G44: 蔡昕橙 | H44: VW PC | I44: 45930 | J44: 曾玲蘇 | K44: Y | L44: 46104 | M44: 45939 | N44: Jessie | O44: Sammy | P44: 45950 | Q44: V | R44: 2000cc Ready to go | S44: =VLOOKUP(C44,submitted!A:B,2,FALSE) -> D-2025AB02-2000CC-19 | T44: =VLOOKUP(C44,submitted!A:C,3,FALSE) -> CAH-0838 | U44: =VLOOKUP(T44,'[1]20260201'!$C:$P,14,FALSE) -> 46054
A45: =IF(COUNTIF(E:E,E45)>1,"重複","") | B45: =IF(COUNTIF(J:J,J45)>1,"重複","") | C45: A000044 | D45: 50206 | E45: WVWZZZCD2SW640792 | F45: SWK | G45: 許育騰 | H45: VW PC | I45: 45931 | J45: 馬翊中 | K45: Y | L45: 46107 | M45: 45939 | N45: Jessie | O45: Sammy | P45: 45950 | Q45: V | R45: 2000cc Ready to go | S45: =VLOOKUP(C45,submitted!A:B,2,FALSE) -> D-2025AB02-2000CC-20 | T45: =VLOOKUP(C45,submitted!A:C,3,FALSE) -> CCM-8072 | U45: =VLOOKUP(T45,'[1]20260201'!$C:$P,14,FALSE) -> 46054
A46: =IF(COUNTIF(E:E,E46)>1,"重複","") | B46: =IF(COUNTIF(J:J,J46)>1,"重複","") | C46: A000045 | D46: 50208 | E46: WVWZZZCD6SW211252 | F46: SWK | G46: 許育騰 | H46: VW PC | I46: 45931 | J46: 李伊婷 | K46: Y | L46: 46107 | M46: 45939 | N46: Jessie | O46: Sammy | P46: 45950 | Q46: V | R46: 2000cc Ready to go | S46: =VLOOKUP(C46,submitted!A:B,2,FALSE) -> D-2025AB02-2000CC-21 | T46: =VLOOKUP(C46,submitted!A:C,3,FALSE) -> CCN-0017 | U46: =VLOOKUP(T46,'[1]20260201'!$C:$P,14,FALSE) -> 46054
A47: =IF(COUNTIF(E:E,E47)>1,"重複","") -> 重複 | B47: =IF(COUNTIF(J:J,J47)>1,"重複","") -> 重複 | C47: A000046 | D47: 50209 | E47: WVWZZZCD9SW223718 | F47: SWK | G47: 陳冠威 | H47: VW PC | I47: 45931 | J47: 瞿欣德 | K47: Y | L47: 46105 | M47: 45939 | N47: Jessie | O47: Sammy | P47: 45950 | Q47: V | R47: 2000cc Ready to go | S47: =VLOOKUP(C47,submitted!A:B,2,FALSE) -> D-2025AB02-2000CC-22 | T47: =VLOOKUP(C47,submitted!A:C,3,FALSE) -> BWX-9523 | U47: =VLOOKUP(T47,'[1]20260201'!$C:$P,14,FALSE) -> 46054
A48: =IF(COUNTIF(E:E,E48)>1,"重複","") | B48: =IF(COUNTIF(J:J,J48)>1,"重複","") | C48: A000047 | D48: 50210 | E48: WVGZZZCTXSW048351 | F48: SWK | G48: 劉明賢 | H48: VW PC | I48: 45927 | J48: 劉冠宏 | K48: Y | L48: 46107 | M48: 45939 | N48: Jessie | O48: Sammy | P48: 45950 | Q48: V | R48: 2000cc Ready to go | S48: =VLOOKUP(C48,submitted!A:B,2,FALSE) -> D-2025AB02-2000CC-23 | T48: =VLOOKUP(C48,submitted!A:C,3,FALSE) -> BWX-9681 | U48: =VLOOKUP(T48,'[1]20260201'!$C:$P,14,FALSE) -> 46054
A49: =IF(COUNTIF(E:E,E49)>1,"重複","") | B49: =IF(COUNTIF(J:J,J49)>1,"重複","") | C49: A000048 | D49: 50211 | E49: WVWZZZCDXSW636960 | F49: SWP | G49: 黃郁哲 | H49: VW PC | J49: 陳郁利 | K49: Y | L49: 46114 | M49: 45939 | N49: Jessie | O49: Sammy | P49: 45950 | Q49: V | R49: 2000cc Ready to go | S49: =VLOOKUP(C49,submitted!A:B,2,FALSE) -> D-2025AB02-2000CC-24 | T49: =VLOOKUP(C49,submitted!A:C,3,FALSE) -> CAY-3550 | U49: =VLOOKUP(T49,'[1]20260201'!$C:$P,14,FALSE) -> 46054
A50: =IF(COUNTIF(E:E,E50)>1,"重複","") | B50: =IF(COUNTIF(J:J,J50)>1,"重複","") | C50: A000049 | D50: 50212 | E50: WVWZZZCJ9SD060120 | F50: SWP | G50: 蘇柏元 | H50: VW PC | J50: 翁正哲 | K50: Y | L50: 46111 | M50: 45939 | N50: Jessie | O50: Sammy | P50: 45950 | Q50: V | R50: 2000cc Ready to go | S50: =VLOOKUP(C50,submitted!A:B,2,FALSE) -> D-2025AB02-2000CC-25 | T50: =VLOOKUP(C50,submitted!A:C,3,FALSE) -> CAY-3072 | U50: =VLOOKUP(T50,'[1]20260201'!$C:$P,14,FALSE) -> 46054
A51: =IF(COUNTIF(E:E,E51)>1,"重複","") | B51: =IF(COUNTIF(J:J,J51)>1,"重複","") | C51: A000050 | D51: 50213 | E51: WVWZZZCD3SW246220 | F51: SWP | G51: 謝逸弘 | H51: VW PC | J51: 伍琦建築師事務所 | K51: Y | L51: 46111 | M51: 45939 | N51: Jessie | O51: Sammy | P51: 45950 | Q51: V | R51: 2000cc Ready to go | S51: =VLOOKUP(C51,submitted!A:B,2,FALSE) -> D-2025AB02-2000CC-26 | T51: =VLOOKUP(C51,submitted!A:C,3,FALSE) -> CAR-8577 | U51: =VLOOKUP(T51,'[1]20260201'!$C:$P,14,FALSE) -> 46054
A52: =IF(COUNTIF(E:E,E52)>1,"重複","") | B52: =IF(COUNTIF(J:J,J52)>1,"重複","") | C52: A000051 | D52: 50195 | E52: TMBEK9NWXS3101999 | F52: 鈞銓 | G52: 鐘友君 | H52: Skoda | I52: 45933 | J52: 林盈州 | K52: Y | L52: 46106 | M52: 45939 | N52: Jessie | O52: Sammy | P52: 45957 | Q52: V | R52: 2000cc Ready to go | S52: =VLOOKUP(C52,submitted!A:B,2,FALSE) -> D-2025AB03-2000CC-1 | T52: =VLOOKUP(C52,submitted!A:C,3,FALSE) -> CBP-1585 | U52: =VLOOKUP(T52,'[1]20260201'!$C:$P,14,FALSE) -> 46054
A53: =IF(COUNTIF(E:E,E53)>1,"重複","") | B53: =IF(COUNTIF(J:J,J53)>1,"重複","") -> 重複 | C53: A000052 | E53: TMBLT0NX9SY114643 | F53: 新竹吉揚 | G53: 黃凱笠 | H53: Skoda | I53: 45947 | J53: 吉揚汽車有限公司 | K53: Y | L53: 46099 | M53: 45950 | N53: Jessie | O53: Sammy | P53: 45967 | Q53: V | R53: Ready to go | S53: =VLOOKUP(C53,submitted!A:B,2,FALSE) -> D-2025AB06-2000CC-1 | T53: =VLOOKUP(C53,submitted!A:C,3,FALSE) -> BZF-2133 | U53: =VLOOKUP(T53,'[1]20260201'!$C:$P,14,FALSE) -> 46054
A54: =IF(COUNTIF(E:E,E54)>1,"重複","") | B54: =IF(COUNTIF(J:J,J54)>1,"重複","") -> 重複 | C54: A000053 | E54: TMBLT0NX3SY155317 | F54: 新竹吉揚 | G54: 黃凱笠 | H54: Skoda | I54: 45947 | J54: 吉揚汽車有限公司 | K54: Y | L54: 46099 | M54: 45950 | N54: Jessie | O54: Sammy | P54: 45967 | Q54: V | R54: Ready to go | S54: =VLOOKUP(C54,submitted!A:B,2,FALSE) -> D-2025AB06-2000CC-2 | T54: =VLOOKUP(C54,submitted!A:C,3,FALSE) -> BZF-2131 | U54: =VLOOKUP(T54,'[1]20260201'!$C:$P,14,FALSE) -> 46054
A55: =IF(COUNTIF(E:E,E55)>1,"重複","") | B55: =IF(COUNTIF(J:J,J55)>1,"重複","") -> 重複 | C55: A000054 | E55: TMBJB9PS2ST048109 | F55: 新竹吉揚 | G55: 黃凱笠 | H55: Skoda | I55: 45947 | J55: 吉揚汽車有限公司 | K55: Y | L55: 46099 | M55: 45950 | N55: Jessie | O55: Sammy | P55: 45967 | Q55: V | R55: Ready to go | S55: =VLOOKUP(C55,submitted!A:B,2,FALSE) -> D-2025AB06-2000CC-3 | T55: =VLOOKUP(C55,submitted!A:C,3,FALSE) -> BZF-2132 | U55: =VLOOKUP(T55,'[1]20260201'!$C:$P,14,FALSE) -> 46054
A56: =IF(COUNTIF(E:E,E56)>1,"重複","") | B56: =IF(COUNTIF(J:J,J56)>1,"重複","") -> 重複 | C56: A000055 | E56: TMBLD9PS6ST062243 | F56: 新竹吉揚 | G56: 黃凱笠 | H56: Skoda | I56: 45947 | J56: 吉揚汽車有限公司 | K56: Y | L56: 46106 | M56: 45950 | N56: Jessie | O56: Sammy | P56: 45967 | Q56: V | R56: Ready to go | S56: =VLOOKUP(C56,submitted!A:B,2,FALSE) -> D-2025AB06-2000CC-4 | T56: =VLOOKUP(C56,submitted!A:C,3,FALSE) -> BZF-2712 | U56: =VLOOKUP(T56,'[1]20260201'!$C:$P,14,FALSE) -> 46054
A57: =IF(COUNTIF(E:E,E57)>1,"重複","") | B57: =IF(COUNTIF(J:J,J57)>1,"重複","") -> 重複 | C57: A000056 | E57: WV2ZZZST9SH024067 | F57: 福將汽車股份有限公司 | G57: 邱憶萱 | H57: VW LCV | J57: 福將汽車股份有限公司 | K57: Y | L57: 46111 | M57: 45950 | N57: Jessie | O57: Sammy | P57: 45967 | Q57: V | R57: Ready to go | S57: =VLOOKUP(C57,submitted!A:B,2,FALSE) -> D-2025AB06-2000CC-5 | T57: =VLOOKUP(C57,submitted!A:C,3,FALSE) -> BZR-3027 | U57: =VLOOKUP(T57,'[1]20260201'!$C:$P,14,FALSE) -> 46054
A58: =IF(COUNTIF(E:E,E58)>1,"重複","") | B58: =IF(COUNTIF(J:J,J58)>1,"重複","") | C58: A000057 | E58: WAUZZZGY4SA147882 | F58: 台奧北區 | G58: 林雅芬 | H58: Audi | I58: 45952 | J58: 張景富 | K58: Y | L58: 46104 | M58: 45950 | N58: Jessie | O58: Sammy | P58: 45967 | Q58: V | R58: Ready to go | S58: =VLOOKUP(C58,submitted!A:B,2,FALSE) -> D-2025AB06-2000CC-6 | T58: =VLOOKUP(C58,submitted!A:C,3,FALSE) -> CAR-8387 | U58: =VLOOKUP(T58,'[1]20260201'!$C:$P,14,FALSE) -> 46054
A59: =IF(COUNTIF(E:E,E59)>1,"重複","") | B59: =IF(COUNTIF(J:J,J59)>1,"重複","") | C59: A000058 | E59: WAUZZZFY2S2019278 | F59: 台奧北區 | G59: 林雅芬 | H59: Audi | I59: 45952 | J59: 侯嘉成 | K59: Y | L59: 46105 | M59: 45950 | N59: Jessie | O59: Sammy | P59: 45967 | Q59: V | R59: Ready to go | S59: =VLOOKUP(C59,submitted!A:B,2,FALSE) -> D-2025AB06-2000CC-7 | T59: =VLOOKUP(C59,submitted!A:C,3,FALSE) -> CBB-6826 | U59: =VLOOKUP(T59,'[1]20260201'!$C:$P,14,FALSE) -> 46054
A60: =IF(COUNTIF(E:E,E60)>1,"重複","") | B60: =IF(COUNTIF(J:J,J60)>1,"重複","") | C60: A000059 | E60: WAUZZZF31S1093463 | F60: 台奧北區 | G60: 林雅芬 | H60: Audi | I60: 45952 | J60: 葉純甄 | K60: Y | L60: 46128 | M60: 45950 | N60: Jessie | O60: Sammy | P60: 45967 | Q60: V | R60: Ready to go | S60: =VLOOKUP(C60,submitted!A:B,2,FALSE) -> D-2025AB06-2000CC-8 | T60: =VLOOKUP(C60,submitted!A:C,3,FALSE) -> CBB-6795 | U60: =VLOOKUP(T60,'[1]20260201'!$C:$P,14,FALSE) -> 46054
A61: =IF(COUNTIF(E:E,E61)>1,"重複","") | B61: =IF(COUNTIF(J:J,J61)>1,"重複","") | C61: A000060 | E61: WAUZZZFY2R2105197 | F61: 台奧北區(股)公司新竹分公司 | G61: 彭立君 | H61: Audi | I61: 45950 | J61: 林明叡 | K61: Y | L61: 46103 | M61: 45950 | N61: Jessie | O61: Sammy | P61: 45967 | Q61: V | R61: Ready to go | S61: =VLOOKUP(C61,submitted!A:B,2,FALSE) -> D-2025AB06-2000CC-9 | T61: =VLOOKUP(C61,submitted!A:C,3,FALSE) -> CBF-1158 | U61: =VLOOKUP(T61,'[1]20260201'!$C:$P,14,FALSE) -> 46054
A62: =IF(COUNTIF(E:E,E62)>1,"重複","") | B62: =IF(COUNTIF(J:J,J62)>1,"重複","") | C62: A000061 | E62: WAUZZZFY4S2025843 | F62: TNS | G62: 廖苡伶 | H62: Audi | I62: 45950 | J62: 張景翔 | K62: Y | L62: 46098 | M62: 45950 | N62: Jessie | O62: Sammy | P62: 45967 | Q62: V | R62: Ready to go | S62: =VLOOKUP(C62,submitted!A:B,2,FALSE) -> D-2025AB06-2000CC-10 | T62: =VLOOKUP(C62,submitted!A:C,3,FALSE) -> CBF-5798 | U62: =VLOOKUP(T62,'[1]20260201'!$C:$P,14,FALSE) -> 46054
A63: =IF(COUNTIF(E:E,E63)>1,"重複","") | B63: =IF(COUNTIF(J:J,J63)>1,"重複","") | C63: A000062 | E63: WAUZZZGY0SA152366 | F63: TNS | G63: 廖苡伶 | H63: Audi | I63: 45950 | J63: 陳奕潔 | K63: Y | L63: 46107 | M63: 45950 | N63: Jessie | O63: Sammy | P63: 45967 | Q63: V | R63: Ready to go | S63: =VLOOKUP(C63,submitted!A:B,2,FALSE) -> D-2025AB06-2000CC-11 | T63: =VLOOKUP(C63,submitted!A:C,3,FALSE) -> BXW-1881 | U63: =VLOOKUP(T63,'[1]20260201'!$C:$P,14,FALSE) -> 46054
A64: =IF(COUNTIF(E:E,E64)>1,"重複","") | B64: =IF(COUNTIF(J:J,J64)>1,"重複","") | C64: A000063 | E64: TMBEK9NW5S3143075 | F64: KHT | G64: 葉珈妤 | H64: Skoda | J64: 錡震商號 | K64: Y | L64: 46105 | M64: 45950 | N64: Jessie | O64: Sammy | P64: 45967 | Q64: V | R64: Ready to go | S64: =VLOOKUP(C64,submitted!A:B,2,FALSE) -> D-2025AB06-2000CC-12 | T64: =VLOOKUP(C64,submitted!A:C,3,FALSE) -> CAE-3963 | U64: =VLOOKUP(T64,'[1]20260201'!$C:$P,14,FALSE) -> 46054
A65: =IF(COUNTIF(E:E,E65)>1,"重複","") | B65: =IF(COUNTIF(J:J,J65)>1,"重複","") -> 重複 | C65: A000064 | E65: TMBJB9PS2ST011058 | F65: KHT | G65: 葉珈妤 | H65: Skoda | J65: 永驊汽車股份 有限公司 | K65: Y | L65: 46105 | M65: 45950 | N65: Jessie | O65: Sammy | P65: 45967 | Q65: V | R65: Ready to go | S65: =VLOOKUP(C65,submitted!A:B,2,FALSE) -> D-2025AB06-2000CC-13 | T65: =VLOOKUP(C65,submitted!A:C,3,FALSE) -> CCA-6753 | U65: =VLOOKUP(T65,'[1]20260201'!$C:$P,14,FALSE) -> 46054
A66: =IF(COUNTIF(E:E,E66)>1,"重複","") | B66: =IF(COUNTIF(J:J,J66)>1,"重複","") | C66: A000065 | E66: TMBGR9NW1S3122390 | F66: KHT | G66: 葉珈妤/陳韻甯 | H66: Skoda | J66: 邱秉蔚 | K66: Y | L66: 46120 | M66: 45950 | N66: Jessie | O66: Sammy | P66: 45967 | Q66: V | R66: Ready to go | S66: =VLOOKUP(C66,submitted!A:B,2,FALSE) -> D-2025AB06-2000CC-14 | T66: =VLOOKUP(C66,submitted!A:C,3,FALSE) -> CCN-1023 | U66: =VLOOKUP(T66,'[1]20260201'!$C:$P,14,FALSE) -> 46054
A67: =IF(COUNTIF(E:E,E67)>1,"重複","") | B67: =IF(COUNTIF(J:J,J67)>1,"重複","") | C67: A000066 | E67: TMBJV0NX1SY132443 | F67: KHT | G67: 葉珈妤/方柏茵 | H67: Skoda | J67: 南平 | K67: Y | L67: 46128 | M67: 45950 | N67: Jessie | O67: Sammy | P67: 45967 | Q67: V | R67: Ready to go | S67: =VLOOKUP(C67,submitted!A:B,2,FALSE) -> D-2025AB06-2000CC-15 | T67: =VLOOKUP(C67,submitted!A:C,3,FALSE) -> CAE-6583 | U67: =VLOOKUP(T67,'[1]20260201'!$C:$P,14,FALSE) -> 46054
A68: =IF(COUNTIF(E:E,E68)>1,"重複","") | B68: =IF(COUNTIF(J:J,J68)>1,"重複","") -> 重複 | C68: A000067 | E68: TMBLT0NX9SY152308 | F68: KHT | G68: 葉珈妤 | H68: Skoda | J68: 永驊汽車股份 有限公司 | K68: Y | L68: 46099 | M68: 45950 | N68: Jessie | O68: Sammy | P68: 45967 | Q68: V | R68: Ready to go | S68: =VLOOKUP(C68,submitted!A:B,2,FALSE) -> D-2025AB06-2000CC-16 | T68: =VLOOKUP(C68,submitted!A:C,3,FALSE) -> CCA-6382 | U68: =VLOOKUP(T68,'[1]20260201'!$C:$P,14,FALSE) -> 46054
A69: =IF(COUNTIF(E:E,E69)>1,"重複","") | B69: =IF(COUNTIF(J:J,J69)>1,"重複","") | C69: A000068 | E69: WV2ZZZSTXSH046224 | F69: 億眾 | G69: 陳美伶 | H69: VW LCV | I69: 45950 | J69: 優準密封工業有限公司 | K69: Y | L69: 46115 | M69: 45950 | N69: Jessie | O69: Sammy | P69: 45967 | Q69: V | R69: Ready to go | S69: =VLOOKUP(C69,submitted!A:B,2,FALSE) -> D-2025AB06-2000CC-17 | T69: =VLOOKUP(C69,submitted!A:C,3,FALSE) -> CBN-5891 | U69: =VLOOKUP(T69,'[1]20260201'!$C:$P,14,FALSE) -> 46054
A70: =IF(COUNTIF(E:E,E70)>1,"重複","") | B70: =IF(COUNTIF(J:J,J70)>1,"重複","") | C70: A000069 | E70: WV2ZZZSK9SX118608 | F70: 億眾 | G70: 陳美伶 | H70: VW LCV | I70: 45950 | J70: 楊淑如 | K70: Y | L70: 46106 | M70: 45950 | N70: Jessie | O70: Sammy | P70: 45967 | Q70: V | R70: Ready to go | S70: =VLOOKUP(C70,submitted!A:B,2,FALSE) -> D-2025AB06-2000CC-18 | T70: =VLOOKUP(C70,submitted!A:C,3,FALSE) -> CBN-1370 | U70: =VLOOKUP(T70,'[1]20260201'!$C:$P,14,FALSE) -> 46054
A71: =IF(COUNTIF(E:E,E71)>1,"重複","") | B71: =IF(COUNTIF(J:J,J71)>1,"重複","") | C71: A000070 | E71: WVGZZZCT0SW560829 | F71: SWK | G71: 邱偉台 | H71: VW PC | I71: 45950 | J71: 林裕能 | K71: Y | L71: 46100 | M71: 45950 | N71: Jessie | O71: Sammy | P71: 45967 | Q71: V | R71: Ready to go | S71: =VLOOKUP(C71,submitted!A:B,2,FALSE) -> D-2025AB06-2000CC-19 | T71: =VLOOKUP(C71,submitted!A:C,3,FALSE) -> CCN-1727 | U71: =VLOOKUP(T71,'[1]20260201'!$C:$P,14,FALSE) -> 46054
A72: =IF(COUNTIF(E:E,E72)>1,"重複","") | B72: =IF(COUNTIF(J:J,J72)>1,"重複","") | C72: A000071 | E72: TMBJR0NX2SY162314 | F72: TPS尚鵬 | G72: 蔡詩晴 | H72: Skoda | I72: 45951 | J72: 盧燕德 | K72: Y | L72: 46105 | M72: 45950 | N72: Jessie | O72: Sammy | P72: 45967 | Q72: V | R72: Ready to go | S72: =VLOOKUP(C72,submitted!A:B,2,FALSE) -> D-2025AB06-2000CC-20 | T72: =VLOOKUP(C72,submitted!A:C,3,FALSE) -> CAR-9111 | U72: =VLOOKUP(T72,'[1]20260201'!$C:$P,14,FALSE) -> 46054
A73: =IF(COUNTIF(E:E,E73)>1,"重複","") | B73: =IF(COUNTIF(J:J,J73)>1,"重複","") | C73: A000072 | E73: TMBJN0NZ6SC055874 | F73: TPS尚鵬 | G73: 蔡詩晴 | H73: Skoda | I73: 45951 | J73: 黃孟世 | K73: Y | L73: 46105 | M73: 45950 | N73: Jessie | O73: Sammy | P73: 45967 | Q73: V | R73: Ready to go | S73: =VLOOKUP(C73,submitted!A:B,2,FALSE) -> D-2025AB06-2000CC-21 | T73: =VLOOKUP(C73,submitted!A:C,3,FALSE) -> BZP-7138 | U73: =VLOOKUP(T73,'[1]20260201'!$C:$P,14,FALSE) -> 46054
A74: =IF(COUNTIF(E:E,E74)>1,"重複","") | B74: =IF(COUNTIF(J:J,J74)>1,"重複","") -> 重複 | C74: A000073 | E74: TMBLD9PS3ST062135 | F74: TPS尚鵬 | G74: 蔡詩晴 | H74: Skoda | I74: 45951 | J74: 尚鵬汽車 | K74: Y | L74: 46106 | M74: 45950 | N74: Jessie | O74: Sammy | P74: 45967 | Q74: V | R74: Ready to go | S74: =VLOOKUP(C74,submitted!A:B,2,FALSE) -> D-2025AB06-2000CC-22 | T74: =VLOOKUP(C74,submitted!A:C,3,FALSE) -> CAY-3980 | U74: =VLOOKUP(T74,'[1]20260201'!$C:$P,14,FALSE) -> 46054
A75: =IF(COUNTIF(E:E,E75)>1,"重複","") | B75: =IF(COUNTIF(J:J,J75)>1,"重複","") -> 重複 | C75: A000074 | E75: TMBLT0NX0SY116393 | F75: TPS尚鵬 | G75: 蔡詩晴 | H75: Skoda | I75: 45951 | J75: 尚鵬汽車 | K75: Y | L75: 46099 | M75: 45950 | N75: Jessie | O75: Sammy | P75: 45967 | Q75: V | R75: Ready to go | S75: =VLOOKUP(C75,submitted!A:B,2,FALSE) -> D-2025AB06-2000CC-23 | T75: =VLOOKUP(C75,submitted!A:C,3,FALSE) -> CAY-2965 | U75: =VLOOKUP(T75,'[1]20260201'!$C:$P,14,FALSE) -> 46054
A76: =IF(COUNTIF(E:E,E76)>1,"重複","") | B76: =IF(COUNTIF(J:J,J76)>1,"重複","") | C76: A000075 | E76: TMBJV0NX1SY115528 | F76: TPS尚鵬 | G76: 蔡詩晴 | H76: Skoda | I76: 45951 | J76: 何昀軒 | K76: Y | L76: 46127 | M76: 45950 | N76: Jessie | O76: Sammy | P76: 45967 | Q76: V | R76: Ready to go | S76: =VLOOKUP(C76,submitted!A:B,2,FALSE) -> D-2025AB06-2000CC-24 | T76: =VLOOKUP(C76,submitted!A:C,3,FALSE) -> CAY-8510 | U76: =VLOOKUP(T76,'[1]20260201'!$C:$P,14,FALSE) -> 46054
A77: =IF(COUNTIF(E:E,E77)>1,"重複","") | B77: =IF(COUNTIF(J:J,J77)>1,"重複","") -> 重複 | C77: A000076 | E77: TMBJB9PS5ST009966 | F77: TPS尚鵬 | G77: 蔡詩晴 | H77: Skoda | I77: 45951 | J77: 尚鵬汽車 | K77: Y | L77: 46106 | M77: 45950 | N77: Jessie | O77: Sammy | P77: 45967 | Q77: V | R77: Ready to go | S77: =VLOOKUP(C77,submitted!A:B,2,FALSE) -> D-2025AB06-2000CC-25 | T77: =VLOOKUP(C77,submitted!A:C,3,FALSE) -> CAY-3981 | U77: =VLOOKUP(T77,'[1]20260201'!$C:$P,14,FALSE) -> 46054
A78: =IF(COUNTIF(E:E,E78)>1,"重複","") | B78: =IF(COUNTIF(J:J,J78)>1,"重複","") | C78: A000077 | E78: WVGZZZ1T3RW030710 | F78: 揚昌 | G78: 林奕廷 | H78: VW PC | J78: 郝蓓生 | K78: Y | L78: 46111 | M78: 45950 | N78: Jessie | O78: Sammy | P78: 45967 | Q78: V | R78: Ready to go | S78: =VLOOKUP(C78,submitted!A:B,2,FALSE) -> D-2025AB06-2000CC-26 | T78: =VLOOKUP(C78,submitted!A:C,3,FALSE) -> CBL-6682 | U78: =VLOOKUP(T78,'[1]20260201'!$C:$P,14,FALSE) -> 46054
A79: =IF(COUNTIF(E:E,E79)>1,"重複","") | B79: =IF(COUNTIF(J:J,J79)>1,"重複","") | C79: A000078 | E79: WVWZZZCD2SW641750 | F79: 揚昌 | G79: 林奕廷 | H79: VW PC | J79: 宇順開發有限公司 | K79: Y | L79: 46103 | M79: 45950 | N79: Jessie | O79: Sammy | P79: 45967 | Q79: V | R79: Ready to go | S79: =VLOOKUP(C79,submitted!A:B,2,FALSE) -> D-2025AB06-2000CC-27 | T79: =VLOOKUP(C79,submitted!A:C,3,FALSE) -> CBQ-0127 | U79: =VLOOKUP(T79,'[1]20260201'!$C:$P,14,FALSE) -> 46054
A80: =IF(COUNTIF(E:E,E80)>1,"重複","") | B80: =IF(COUNTIF(J:J,J80)>1,"重複","") | C80: A000079 | E80: WVWZZZAW4SU050254 | F80: 揚昌 | G80: 林奕廷 | H80: VW PC | J80: 蕭羽芯 | K80: Y | L80: 46127 | M80: 45950 | N80: Jessie | O80: Sammy | P80: 45967 | Q80: V | R80: Ready to go | S80: =VLOOKUP(C80,submitted!A:B,2,FALSE) -> D-2025AB06-2000CC-28 | T80: =VLOOKUP(C80,submitted!A:C,3,FALSE) -> CCL-5738 | U80: =VLOOKUP(T80,'[1]20260201'!$C:$P,14,FALSE) -> 46054
A81: =IF(COUNTIF(E:E,E81)>1,"重複","") | B81: =IF(COUNTIF(J:J,J81)>1,"重複","") | C81: A000080 | E81: WVWZZZCDXSW253648 | F81: 揚昌 | G81: 林奕廷 | H81: VW PC | J81: 劉坤祐 | K81: Y | L81: 46093 | M81: 45950 | N81: Jessie | O81: Sammy | P81: 45967 | Q81: V | R81: Ready to go | S81: =VLOOKUP(C81,submitted!A:B,2,FALSE) -> D-2025AB06-2000CC-29 | T81: =VLOOKUP(C81,submitted!A:C,3,FALSE) -> BXW-0125 | U81: =VLOOKUP(T81,'[1]20260201'!$C:$P,14,FALSE) -> 46054
A82: =IF(COUNTIF(E:E,E82)>1,"重複","") -> 重複 | B82: =IF(COUNTIF(J:J,J82)>1,"重複","") -> 重複 | C82: A000081 | E82: TMBER9PJ7S4101837 | F82: 金元三 | G82: 丁子竣 | H82: Skoda | I82: 45947 | J82: 吳宜蓁 | K82: Y | L82: 46103 | M82: 45950 | N82: Jessie | P82: X | Q82: V | R82: 跟N18重複，N18送件 | S82: X | T82: X | U82: =VLOOKUP(T82,'[1]20260201'!$C:$P,14,FALSE) -> #N/A
A83: =IF(COUNTIF(E:E,E83)>1,"重複","") | B83: =IF(COUNTIF(J:J,J83)>1,"重複","") | C83: A000082 | D83: 50216 | E83: TMBGK9NW5S3151878 | F83: KH | G83: 施孟佳/吳莉凌 | H83: Skoda | I83: 45939 | J83: 林士霆 | K83: Y | L83: 46099 | M83: 46105 | N83: Jessie | O83: Sammy | P83: 45957 | R83: 2000cc Ready to go | S83: =VLOOKUP(C83,submitted!A:B,2,FALSE) -> D-2025AB03-2000CC-2 | T83: =VLOOKUP(C83,submitted!A:C,3,FALSE) -> CBK-7899 | U83: =VLOOKUP(T83,'[1]20260201'!$C:$P,14,FALSE) -> 46054
A84: =IF(COUNTIF(E:E,E84)>1,"重複","") | B84: =IF(COUNTIF(J:J,J84)>1,"重複","") | C84: A000083 | D84: 50217 | E84: TMBGK9NWXS3133151 | F84: KH | G84: 施孟佳/吳莉凌 | H84: Skoda | I84: 45939 | J84: 劉勤芳 | K84: Y | L84: 46098 | M84: 46105 | N84: Jessie | O84: Sammy | P84: 45957 | R84: 2000cc Ready to go | S84: =VLOOKUP(C84,submitted!A:B,2,FALSE) -> D-2025AB03-2000CC-3 | T84: =VLOOKUP(C84,submitted!A:C,3,FALSE) -> BWX-6506 | U84: =VLOOKUP(T84,'[1]20260201'!$C:$P,14,FALSE) -> 46054
A85: =IF(COUNTIF(E:E,E85)>1,"重複","") | B85: =IF(COUNTIF(J:J,J85)>1,"重複","") | C85: A000084 | D85: 50218 | E85: TMBJB9PS4ST079944 | F85: KH | G85: 楊姵瑩/簡郁萱 | H85: Skoda | J85: 盧靜怡 | K85: Y | L85: 46090 | M85: 46105 | N85: Jessie | O85: Sammy | P85: 45957 | R85: 2000cc Ready to go | S85: =VLOOKUP(C85,submitted!A:B,2,FALSE) -> D-2025AB03-2000CC-4 | T85: =VLOOKUP(C85,submitted!A:C,3,FALSE) -> CBX-0396 | U85: =VLOOKUP(T85,'[1]20260201'!$C:$P,14,FALSE) -> 46054
A86: =IF(COUNTIF(E:E,E86)>1,"重複","") | B86: =IF(COUNTIF(J:J,J86)>1,"重複","") | C86: A000085 | D86: 50219 | E86: TMBJB9PS8ST073919 | F86: KH | G86: 楊姵瑩/吳信儀 | H86: Skoda | J86: 葉繢瑜 | K86: Y | L86: 46106 | M86: 46105 | N86: Jessie | O86: Sammy | P86: 45957 | R86: 2000cc Ready to go | S86: =VLOOKUP(C86,submitted!A:B,2,FALSE) -> D-2025AB03-2000CC-5 | T86: =VLOOKUP(C86,submitted!A:C,3,FALSE) -> CAG-0706 | U86: =VLOOKUP(T86,'[1]20260201'!$C:$P,14,FALSE) -> 46054
A87: =IF(COUNTIF(E:E,E87)>1,"重複","") | B87: =IF(COUNTIF(J:J,J87)>1,"重複","") | C87: A000086 | D87: 50220 | E87: TMBER9PJ6S4088529 | F87: KH | G87: 楊姵瑩/簡郁萱 | H87: Skoda | J87: 林建宇 | K87: Y | L87: 46106 | M87: 46106 | N87: Jessie | O87: Sammy | P87: 45957 | R87: 2000cc Ready to go | S87: =VLOOKUP(C87,submitted!A:B,2,FALSE) -> D-2025AB03-2000CC-6 | T87: =VLOOKUP(C87,submitted!A:C,3,FALSE) -> CCA-8613 | U87: =VLOOKUP(T87,'[1]20260201'!$C:$P,14,FALSE) -> 46054
A88: =IF(COUNTIF(E:E,E88)>1,"重複","") | B88: =IF(COUNTIF(J:J,J88)>1,"重複","") | C88: A000087 | D88: 50221 | E88: TMBGR9NWXS3095271 | F88: KH | G88: 楊姵瑩/簡郁萱 | H88: Skoda | J88: 洪書偉 | K88: Y | L88: 46089 | M88: 46089 | N88: Jessie | O88: Sammy | P88: 45957 | R88: 2000cc Ready to go | S88: =VLOOKUP(C88,submitted!A:B,2,FALSE) -> D-2025AB03-2000CC-7 | T88: =VLOOKUP(C88,submitted!A:C,3,FALSE) -> CAE-3959 | U88: =VLOOKUP(T88,'[1]20260201'!$C:$P,14,FALSE) -> 46054
A89: =IF(COUNTIF(E:E,E89)>1,"重複","") -> 重複 | B89: =IF(COUNTIF(J:J,J89)>1,"重複","") -> 重複 | C89: A000088 | D89: 50222 | E89: TMBLG9PS3ST109588 | F89: KH | G89: 方菽榕/宋英德 | H89: Skoda | I89: 2025/10/9 | J89: 李佳芸 | K89: Y | L89: 46104 | M89: 46104 | N89: Jessie | O89: Sammy | P89: 45957 | R89: 2000cc Ready to go | S89: =VLOOKUP(C89,submitted!A:B,2,FALSE) -> D-2025AB03-2000CC-8 | T89: =VLOOKUP(C89,submitted!A:C,3,FALSE) -> CCN-3238 | U89: =VLOOKUP(T89,'[1]20260201'!$C:$P,14,FALSE) -> 46054
A90: =IF(COUNTIF(E:E,E90)>1,"重複","") -> 重複 | B90: =IF(COUNTIF(J:J,J90)>1,"重複","") -> 重複 | C90: A000089 | D90: 50234 | E90: TMBJL0NZ4SC055782 | F90: TY | G90: 吳舒羽 | H90: Skoda | I90: 45939 | J90: 譚永源 | K90: Y | L90: 46096 | M90: 46089 | N90: Jessie | O90: Sammy | P90: 45957 | R90: 2000cc Ready to go | S90: =VLOOKUP(C90,submitted!A:B,2,FALSE) -> D-2025AB03-2000CC-9 | T90: =VLOOKUP(C90,submitted!A:C,3,FALSE) -> BXW-1010 | U90: =VLOOKUP(T90,'[1]20260201'!$C:$P,14,FALSE) -> 46054
A91: =IF(COUNTIF(E:E,E91)>1,"重複","") | B91: =IF(COUNTIF(J:J,J91)>1,"重複","") | C91: A000090 | D91: 50236 | E91: TMBEK9NW8S3133687 | F91: TY | G91: 吳舒羽 | H91: Skoda | I91: 45939 | J91: 邱信誠 | K91: Y | L91: 46076 | M91: 46103 | N91: Jessie | O91: Sammy | P91: 45957 | R91: 2000cc Ready to go | S91: =VLOOKUP(C91,submitted!A:B,2,FALSE) -> D-2025AB03-2000CC-10 | T91: =VLOOKUP(C91,submitted!A:C,3,FALSE) -> CBD-9086 | U91: =VLOOKUP(T91,'[1]20260201'!$C:$P,14,FALSE) -> 46054
A92: =IF(COUNTIF(E:E,E92)>1,"重複","") | B92: =IF(COUNTIF(J:J,J92)>1,"重複","") | C92: A000091 | D92: 50237 | E92: TMBJV0NX0SY158743 | F92: TY | G92: 吳舒羽 | H92: Skoda | I92: 45939 | J92: 黃淑絹 | K92: Y | L92: 46086 | M92: 46098 | N92: Jessie | O92: Sammy | P92: 45957 | R92: 2000cc Ready to go | S92: =VLOOKUP(C92,submitted!A:B,2,FALSE) -> D-2025AB03-2000CC-11 | T92: =VLOOKUP(C92,submitted!A:C,3,FALSE) -> CCL-0965 | U92: =VLOOKUP(T92,'[1]20260201'!$C:$P,14,FALSE) -> 46054
A93: =IF(COUNTIF(E:E,E93)>1,"重複","") | B93: =IF(COUNTIF(J:J,J93)>1,"重複","") | C93: A000092 | D93: 50239 | E93: TMBJR9NU3S5077395 | F93: TY | G93: 吳舒羽 | H93: Skoda | I93: 45939 | J93: 周慶恩 | K93: Y | L93: 46089 | M93: 46096 | N93: Jessie | O93: Sammy | P93: 45957 | R93: 2000cc Ready to go | S93: =VLOOKUP(C93,submitted!A:B,2,FALSE) -> D-2025AB03-2000CC-12 | T93: =VLOOKUP(C93,submitted!A:C,3,FALSE) -> BXW-1013 | U93: =VLOOKUP(T93,'[1]20260201'!$C:$P,14,FALSE) -> 46054
A94: =IF(COUNTIF(E:E,E94)>1,"重複","") -> 重複 | B94: =IF(COUNTIF(J:J,J94)>1,"重複","") -> 重複 | C94: A000093 | D94: 50240 | E94: TMBGR9NW6S3144062 | F94: TY | G94: 吳舒羽 | H94: Skoda | I94: 45939 | J94: 王宇晴 | K94: Y | L94: 46104 | M94: 46104 | N94: Jessie | O94: Sammy | P94: 45957 | R94: 2000cc Ready to go | S94: =VLOOKUP(C94,submitted!A:B,2,FALSE) -> D-2025AB03-2000CC-13 | T94: =VLOOKUP(C94,submitted!A:C,3,FALSE) -> CBH-9356 | U94: =VLOOKUP(T94,'[1]20260201'!$C:$P,14,FALSE) -> 46054
A95: =IF(COUNTIF(E:E,E95)>1,"重複","") | B95: =IF(COUNTIF(J:J,J95)>1,"重複","") | C95: A000094 | D95: 50241 | E95: TMBJR9NU4S5070794 | F95: TY | G95: 吳舒羽 | H95: Skoda | I95: 45939 | J95: 王介昌 | K95: Y | L95: 46100 | M95: 46100 | N95: Jessie | O95: Sammy | P95: 45957 | R95: 2000cc Ready to go | S95: =VLOOKUP(C95,submitted!A:B,2,FALSE) -> D-2025AB03-2000CC-14 | T95: =VLOOKUP(C95,submitted!A:C,3,FALSE) -> CBH-8901 | U95: =VLOOKUP(T95,'[1]20260201'!$C:$P,14,FALSE) -> 46054
A96: =IF(COUNTIF(E:E,E96)>1,"重複","") | B96: =IF(COUNTIF(J:J,J96)>1,"重複","") | C96: A000095 | D96: 50242 | E96: TMBJL0NZ5SC061381 | F96: TY | G96: 吳舒羽 | H96: Skoda | I96: 45939 | J96: 田芸潔 | K96: Y | L96: 46105 | M96: 46105 | N96: Jessie | O96: Sammy | P96: 45957 | R96: 2000cc Ready to go | S96: =VLOOKUP(C96,submitted!A:B,2,FALSE) -> D-2025AB03-2000CC-15 | T96: =VLOOKUP(C96,submitted!A:C,3,FALSE) -> CCL-2270 | U96: =VLOOKUP(T96,'[1]20260201'!$C:$P,14,FALSE) -> 46054
A97: =IF(COUNTIF(E:E,E97)>1,"重複","") | B97: =IF(COUNTIF(J:J,J97)>1,"重複","") | C97: A000096 | D97: 50243 | E97: TMBJB9PS2ST079280 | F97: TY | G97: 吳舒羽 | H97: Skoda | I97: 45939 | J97: 劉恩廷 | K97: Y | L97: 46085 | M97: 46099 | N97: Jessie | O97: Sammy | P97: 45957 | R97: 2000cc Ready to go | S97: =VLOOKUP(C97,submitted!A:B,2,FALSE) -> D-2025AB03-2000CC-16 | T97: =VLOOKUP(C97,submitted!A:C,3,FALSE) -> CBF-5586 | U97: =VLOOKUP(T97,'[1]20260201'!$C:$P,14,FALSE) -> 46054
A98: =IF(COUNTIF(E:E,E98)>1,"重複","") | B98: =IF(COUNTIF(J:J,J98)>1,"重複","") | C98: A000097 | D98: 50244 | E98: TMBGK9NWXS3135675 | F98: TY | G98: 吳舒羽 | H98: Skoda | I98: 45939 | J98: 莊哲彰 | K98: Y | L98: 46105 | M98: 46105 | N98: Jessie | O98: Sammy | P98: 45957 | R98: 2000cc Ready to go | S98: =VLOOKUP(C98,submitted!A:B,2,FALSE) -> D-2025AB03-2000CC-17 | T98: =VLOOKUP(C98,submitted!A:C,3,FALSE) -> CCL-2569 | U98: =VLOOKUP(T98,'[1]20260201'!$C:$P,14,FALSE) -> 46054
A99: =IF(COUNTIF(E:E,E99)>1,"重複","") | B99: =IF(COUNTIF(J:J,J99)>1,"重複","") | C99: A000098 | D99: 50245 | E99: TMBER9PJ2S4103916 | F99: TY | G99: 吳舒羽 | H99: Skoda | I99: 45939 | J99: 吳健生 | K99: Y | L99: 46106 | M99: 46106 | N99: Jessie | O99: Sammy | P99: 45957 | R99: 2000cc Ready to go | S99: =VLOOKUP(C99,submitted!A:B,2,FALSE) -> D-2025AB03-2000CC-18 | T99: =VLOOKUP(C99,submitted!A:C,3,FALSE) -> BXW-1719 | U99: =VLOOKUP(T99,'[1]20260201'!$C:$P,14,FALSE) -> 46054
A100: =IF(COUNTIF(E:E,E100)>1,"重複","") | B100: =IF(COUNTIF(J:J,J100)>1,"重複","") | C100: A000099 | D100: 50246 | E100: TMBJV0NX2SY146433 | F100: 金元三 | G100: 丁子竣 | H100: Skoda | I100: 45939 | J100: 呂惠鈞 | K100: Y | L100: 46106 | M100: 46106 | N100: Jessie | O100: Sammy | P100: 45957 | R100: 2000cc Ready to go | S100: =VLOOKUP(C100,submitted!A:B,2,FALSE) -> D-2025AB03-2000CC-19 | T100: =VLOOKUP(C100,submitted!A:C,3,FALSE) -> CBB-6667 | U100: =VLOOKUP(T100,'[1]20260201'!$C:$P,14,FALSE) -> 46054
...

Sheet 匯款資料
A1: NO | B1: 中古車No | C1: 車身號碼 | D1: 收款人 | E1: ID | F1: 28.金融機構類別 | G1: 29.銀行代碼 | H1: 31.分行代碼 | I1: 32.退稅帳號 | J1: 33.電話 | K1: 34.通訊地址
B2: 50042 | C2: TMBAR0NX1SM057335 | D2: 林洛仁 | E2: D122814824 | F2: B | G2: 822 | H2: 0358 | I2: 358540794913 | J2: 0983041659 | K2: 台南市永康區永二街193巷1弄10號
B3: 50050 | C3: TMBER9PJ6S4099241 | D3: 張麗君 | E3: P222882369 | F3: B | G3: 822 | H3: 0462 | I3: 462540200649 | J3: 0920907135 | K3: 雲林縣崙背鄉西榮村3鄰正心街32號
B4: 50068 | C4: WVWZZZCD0SW246322 | D4: 曾桂芬 | E4: N223638800 | F4: B | G4: 004 | H4: 1436 | I4: 143004211952 | J4: 0919232864 | K4: 彰化縣鹿港鎮謝厝巷10之23號
B5: 50093 | C5: WAUZZZGY7SA148167 | D5: 劉家寧 | E5: R224478525 | F5: B | G5: 822 | H5: 0358 | I5: 358540788495 | J5: 0966481657 | K5: 台南市永康區國光八街12巷3弄2號
B6: 50100 | C6: TMBLD9PS9ST075259 | D6: 龔家弘 | E6: T122845475 | F6: P | G6: 700 | H6: 0021 | I6: 00713490264434 | J6: 0930600666 | K6: 屏東縣屏東市古松西巷385之8號
B7: 50116 | C7: WVGZZZC12RY088372 | D7: 温芮妤 | E7: U221359419 | F7: B | G7: 807 | H7: 1217 | I7: 06801800534823 | J7: 0921580560 | K7: 花蓮市國盛四街65號4樓之2
B8: 50119 | C8: TMBER9PJ5S4091941 | D8: 劉倧廷 | E8: Q121376665 | F8: B | G8: 009 | H8: 5772 | I8: 57729503152000 | J8: 0935759605 | K8: 桃園市八德區廣福路20巷27弄9號5樓
B9: 50123 | C9: WVGZZZC13RY089062 | D9: 林吉釧 | E9: B120070368 | F9: B | G9: 822 | H9: 1160 | I9: 160540088011 | J9: 0910-414700 | K9: 台中市西屯區大墩20街183號5樓之1
B10: 50128 | C10: WVWZZZCD4SW198579 | D10: 王薇清 | E10: H222255465 | F10: B | G10: 822 | H10: 0129 | I10: 129537982802 | J10: 0938396633 | K10: 桃園市中壢區中山東路3段405巷11號
B11: 50167 | C11: WVWZZZCJ6SD066666 | D11: 詹家瑀 | E11: F228551268 | F11: B | G11: 822 | H11: 1300 | I11: 300540116866 | J11: 0958672655 | K11: 新北市新莊區龍安路106巷6弄1號9樓
B12: 50168 | C12: WV2ZZZSK9SX110671 | D12: 范瑞騰 | E12: M120272478 | F12: B | G12: 008 | H12: 1784 | I12: 178200361049 | J12: 0989732101 | K12: 新北市三重區正義北路338巷18號2樓
B13: 50169 | C13: WVGZZZC1XRY069293 | D13: 鄭夙玲 | E13: D220251554 | F13: B | G13: 012 | H13: 7222 | I13: 00722221149195 | J13: 0931--656871 | K13: 台中市北屯區平和里9鄰梅川西路4段286號8樓之7號
... B20: 50176 | C20: TMBJR9NU4S5072223 | D20: 陳鈺方 | E20: R223767658 | F20: B | G20: 004 | H20: 0288 | I20: 028002005119 | J20: 0925260612 | K20: 台東縣蘭嶼鎮東清村野銀32號
B21: 50177 | C21: WAUZZZGY7SA143731 | D21: 顏明儀 | E21: F224939248 | F21: P | J21: 0920342452 | K21: 台北市士林區華齡街1號6樓之3
B22: 50178 | C22: WAUZZZGAXRA043667 | D22: 黃芯寧 | E22: H224298780 | F22: B | G22: 013 | H22: 0224 | I22: 022506594964 | J22: 0930972751 | K22: 桃園市觀音區嘉富路1189巷15號
B23: 50179 | C23: WAUZZZ4M1SD034679 | D23: 黃明琪 | E23: E224623913 | F23: P | G23: 700 | H23: 0021 | I23: 00413980845661 | J23: 0928009628 | K23: 高雄市前鎮區公正路168號
B24: 50180 | C24: WAUZZZGB7RR038310 | D24: 湯驛順 | E24: N123331411 | F24: B | G24: 004 | H24: 0794 | I24: 079004650943 | J24: 0952666193 | K24: 台中市南區工學二路117號5樓-3
B25: 50181 | C25: WAUZZZGY4SA153004 | D25: 王芊莉 | E25: N224240902 | F25: B | G25: 006 | H25: 1184 | I25: 1184872082881 | J25: 0988616339 | K25: 台中市西屯區順和七街30號5樓
B26: 50182 | C26: WAUZZZGY2SA134144 | D26: 紀惠瑜 | E26: B221912107 | F26: B | G26: 822 | H26: 0288 | I26: 288540355095 | J26: 0989866096 | K26: 台中市北區篤行路115號4樓
B27: 50183 | C27: WVWZZZCD3SW209684 | D27: 呂湘惠 | E27: W200391812 | F27: B | G27: 808 | H27: 0864 | I27: 0864979035808 | J27: 0934059742 | K27: 高雄市鼓山區美術東六街79號5樓
B28: 50184 | C28: TMBER9PJXS4085942 | D28: 廖偉廷 | E28: A127499066 | F28: B | G28: 013 | H28: 2697 | I28: 269506104024 | J28: 0983513977 | K28: 台北市文山區福興路82巷6弄3號
B29: 50185 | C29: TMBJN9NP8R7040539 | D29: 葉宗昊 | E29: A124233655 | F29: B | G29: 822 | H29: 0716 | I29: 716540237452 | J29: 0918760206 | K29: 基隆市暖暖街606號10號
B30: 50186 | C30: TMBLG9PS9ST101009 | D30: 全慶五金電料行 宋玉琴 | E30: 01961217 | F30: B | G30: 103 | H30: 0064 | I30: 0064106017481 | J30: 2585-1511 | K30: 台北市大同區環河北路2段223巷14號
B31: 50187 | C31: TMBER9PJ0S4102408 | D31: 羅欣怡 | E31: J222263208 | F31: B | G31: 808 | H31: 0439 | I31: 0439979016066 | J31: 0986586755 | K31: 新竹縣竹北市新國里17鄰新光三街12號2樓
B32: 50188 | C32: TMBJR9NU7S5082938 | D32: 孫淑賢 | E32: J220404283 | F32: B | G32: 822 | H32: 2190 | I32: 190540175350 | J32: 0937137445 | K32: 新竹市東區新光里20鄰高峰路126號
B33: 50189 | C33: TMBGK9NW6S3134491 | D33: 呂恩綺 | E33: H224545882 | F33: B | G33: 004 | H33: 0451 | I33: 045004880193 | J33: 0928287347 | K33: 新竹縣竹北市中興里16鄰嘉豐二街一段27號12樓
... B214: 50370 | C214: TMBEK9NW1S3131618 | D214: 詹智淵 | E214: F121500378 | F214: B | G214: 806 | H214: 1478 | I214: 21262000000372 | J214: 0928281960 | K214: 新北市板橋區中山路二段210號
B215: 50371 | C215: TMBJB9PS7ST101581 | D215: 林冠汝 | E215: F228305391 | F215: B | G215: 812 | I215: 06510900800500 | J215: 0916268171 | K215: 新北市板橋區光正街45巷20號4樓
B216: 50372 | C216: TMBLP0NZ9SC061140 | D216: 柳曉琪 | E216: K221609005 | F216: B | G216: 808 | H216: 0808 | I216: 0808979119443 | J216: 0932307763 | K216: 新北市板橋區莊敬路208巷8弄4號2樓
B217: 50373 | C217: TMBGK9NW1S3143793 | D217: 林禹棻 | E217: F226245436 | F217: P | G217: 700 | H217: 0021 | I217: 03110041831734 | J217: 0932882004 | K217: 新北市土城區廷和路125巷23號4樓
B218: 50374 | C218: TMBER9PJ8S4099550 | D218: 林明德 | E218: A120724931 | F218: C | G218: 216 | H218: 0016 | I218: 01000400417667 | J218: 0976427962 | K218: 花蓮縣吉安鄉光華10街102巷8號
B219: 50375 | C219: TMBJR0NX8SY151639 | D219: 邱顯嶸 | E219: A121165221 | F219: P | G219: 700 | H219: 0021 | I219: 00017250276095 | J219: 0926216329 | K219: 台北市中正區泉州街18巷9號
B220: 50376 | C220: TMBJB9PS9ST101601 | D220: 陳淑芬 | E220: R223028834 | F220: B | G220: 013 | H220: 2697 | I220: 269506017687 | J220: 0939322242 | K220: 台北市士林區天母西路48之7號5樓
B221: 50377 | C221: TMBLD9PSXST111265 | D221: 許足英 | E221: Y220315942 | F221: B | G221: 807 | H221: 1103 | I221: 11000400016144 | J221: 0910205982 | K221: 台北市北投區知行路227號4樓
B222: 50378 | C222: WVGZZZCT8SW560383 | D222: 王亭奕 | E222: F224201454 | F222: B | G222: 822 | H222: 0141 | I222: 141540059674 | J222: 0952-347-078 | K222: 台北市中正區廈門街81巷24號5樓
B223: 50379 | C223: WVGZZZA14SV111936 | D223: 許愛文 | E223: F220166507 | F223: B | G223: 006 | H223: 0039 | I223: 0030765032047 | J223: 0956-199-383 | K223: 新北市林口區文化二路一段20巷25弄27號5樓
B224: 50380 | C224: WVGZZZCTXSW560496 | D224: 林桂苹 | E224: E222240550 | F224: P | G224: 700 | H224: 0021 | I224: 01011600133401 | J224: 0975-361-134 | K224: 新北市林口區文化一路一段190巷7弄1號2樓之1
B225: 50381 | C225: WVWZZZCD3SW246461 | D225: 呂月華 | E225: H221166905 | F225: B | G225: 009 | H225: 5703 | I225: 57035126428400 | J225: 0925-796-200 | K225: 桃園市龜山區新興里17鄰自強南路235號
B226: 50382 | C226: WVWZZZCD0SW623649 | D226: 徐子文 | E226: H220020802 | F226: B | G226: 011 | H226: 0118 | I226: 11203000001703 | J226: 0910-142363 | K226: 桃園市桃園區永安里9鄰埔新路132號7樓
B227: 50383 | C227: WVGZZZCT8SW080134 | D227: 謝名婷 | E227: F225452026 | F227: B | G227: 009 | H227: 9689 | I227: 96895109270700 | J227: 0953-332-793 | K227: 新北市林口區佳林路56巷6弄21號
... B379: 50535 | C379: WVGZZZCT1SW518685 | D379: 鍾怡玟 | E379: R224437739 | F379: P | G379: 700 | H379: 0021 | I379: 01914260078333 | J379: 0909-778-667 | K379: 嘉義縣大埔鄉大埔86號
A380: N52 | C380: TMBLT0NX9SY114643 | D380: 吉揚汽車有限公司 | E380: 24417317 | F380: B | G380: 009 | H380: 5727 | I380: 57270100593300 | J380: 03-5319288 | K380: 新竹市中華路二段115號
A381: N53 | C381: TMBLT0NX3SY155317 | D381: 吉揚汽車有限公司 | E381: 24417317 | F381: B | G381: 009 | H381: 5727 | I381: 57270100593300 | J381: 03-5319288 | K381: 新竹市中華路二段115號
A382: N54 | C382: TMBJB9PS2ST048109 | D382: 吉揚汽車有限公司 | E382: 24417317 | F382: B | G382: 009 | H382: 5727 | I382: 57270100593300 | J382: 03-5319288 | K382: 新竹市中華路二段115號
A383: N55 | C383: TMBLD9PS6ST062243 | D383: 吉揚汽車有限公司 | E383: 24417317 | F383: B | G383: 009 | H383: 5727 | I383: 57270100593300 | J383: 03-5319288 | K383: 新竹市中華路二段115號
A384: N56 | C384: WV2ZZZST9SH024067 | D384: 福將汽車股份有限公司 | E384: 83242264 | F384: B | G384: 006 | H384: 0132 | I384: 0130717221223 | J384: 0910-324465 | K384: 宜蘭縣五結鄉光榮北路86號
A385: N57 | C385: WAUZZZGY4SA147882 | D385: 張景富 | E385: F124411216 | F385: B | G385: 822 | H385: 0417 | I385: 417540432022 | J385: 0918093119 | K385: 新北市三重區三寧街10號5樓
A386: N58 | C386: WAUZZZFY2S2019278 | D386: 侯嘉成 | E386: Q120632011 | F386: P | G386: 700 | H386: 0021 | I386: 03112030231274 | J386: 0939499288 | K386: 新北市新店區安祥路69巷54弄6號4樓
A387: N59 | C387: WAUZZZF31S1093463 | D387: 葉純甄 | E387: Q223085838 | F387: B | G387: 007 | H387: 2436 | I387: 24368122191 | J387: 0912182048 | K387: 新北市新店區安德街60巷7-2號7樓
A388: N60 | C388: WAUZZZFY2R2105197 | D388: 林明叡 | E388: K120000846 | F388: B | G388: 012 | H388: 7462 | I388: 746168099900 | J388: 0911-782520 | K388: 新竹縣竹北市勝利八街1段229號16F-8
A389: N61 | C389: WAUZZZFY4S2025843 | D389: 張景翔 | E389: F123692539 | F389: B | G389: 807 | H389: 0070 | I389: 00701800012012 | J389: *0935187900 | K389: 新北市林口區民有街22號4F-1
A390: N62 | C390: WAUZZZGY0SA152366 | D390: 陳奕潔 | E390: P223513514 | F390: B | G390: 013 | H390: 0349 | I390: 034506273031 | J390: *0980500916 | K390: 桃園市大園區大興路107號11F
A391: N63 | C391: TMBEK9NW5S3143075 | D391: 錡震商號 | E391: 13701217 | F391: B | G391: 054 | H391: 0250 | I391: 025125000463 | J391: 0938477218 | K391: 台南市學甲區煥昌7之17號1樓
... A444: N174 | C444: TMBJB9PS6ST076155 | D444: 鍾智濠 | E444: H124822668 | F444: B | G444: 803 | H444: 0456 | I444: 045500001727 | J444: 0937891360 | K444: 新北市中和區德光路126號10樓
A445: N175 | C445: TMBJN0NZ7SC051770 | D445: 中菱股份有限公司 | E445: 07070515 | F445: B | G445: 008 | I445: 113100188868 | J445: 0223568598 | K445: 台北市中正區新生南路1段54巷6號
A446: N176 | C446: WV2ZZZSK0SX107058 | D446: 許哲軒 | E446: F126522061 | F446: B | G446: 012 | H446: 7565 | I446: 81680005072863 | J446: 0933621802 | K446: 新北市土城區中央路四段68巷10號3樓
A447: N177 | C447: WV2ZZZST5SH045708 | D447: 陳永宜 | E447: F123847007 | F447: B | G447: 808 | H447: 1045 | I447: 1045979015656 | J447: 0911169232 | K447: 台北市信義區基隆路一段432號6樓之5
A448: N178 | C448: WV2ZZZST0SH045437 | D448: 許麗文 | E448: C220075731 | F448: B | G448: 009 | H448: 5543 | I448: 55435128115600 | J448: 0978701600 | K448: 基隆市信義區教忠街141巷32號
A449: N179 | C449: TMBLG9PS6ST091748 | D449: 金元三汽車股份有限公司 | E449: 13110352 | F449: B | G449: 009 | H449: 5678 | I449: 56780123976600 | J449: 0915585369 | K449: 新北市中和區建康路28號
A450: N180 | C450: TMBLD9PS5ST067210 | D450: 金元三汽車股份有限公司 | E450: 13110352 | F450: B | G450: 009 | H450: 5678 | I450: 56780123976600 | J450: 0915585369 | K450: 新北市中和區建康路28號
A451: N181 | C451: TMBEK9PJ4S4102027 | D451: 金元三汽車股份有限公司 | E451: 13110352 | F451: B | G451: 009 | H451: 5678 | I451: 56780123976600 | J451: 82212153 | K451: 新北市中和區建康路28號
A452: N182 | C452: TMBJB9PS9ST079924 | D452: 金元三汽車股份有限公司 | E452: 13110352 | F452: B | G452: 009 | H452: 5678 | I452: 56780123976600 | J452: 82212153 | K452: 新北市中和區建康路28號
A453: N183 | C453: TMBLD9PS7ST076278 | D453: 金元三汽車股份有限公司 | E453: 13110352 | F453: B | G453: 009 | H453: 5678 | I453: 56780123976600 | J453: 82212153 | K453: 新北市中和區建康路28號
A454: N184 | C454: TMBLT0NX9SY117641 | D454: 金元三汽車股份有限公司 | E454: 13110352 | F454: B | G454: 009 | H454: 5678 | I454: 56780123976600 | J454: 82212153 | K454: 新北市中和區建康路28號
A455: N185 | C455: TMBLT0NX0SY154223 | D455: 金元三汽車股份有限公司 | E455: 13110352 | F455: B | G455: 009 | H455: 5678 | I455: 56780123976600 | J455: 82212153 | K455: 新北市中和區建康路28號
A456: N186 | C456: TMBJB9PS1ST047999 | D456: 金元三汽車股份有限公司 | E456: 13110352 | F456: B | G456: 009 | H456: 5678 | I456: 56780123976600 | J456: 82212153 | K456: 新北市中和區建康路28號
A457: N187 | C457: WV2ZZZSK1SX110812 | D457: 金元三汽車股份有限公司 | E457: 13110352 | F457: B | G457: 009 | H457: 5678 | I457: 56780123976600 | J457: 82212153 | K457: 新北市中和區建康路28號
... A711: N441 | C711: TMBLG9PS2ST108478 | D711: 鐘偉哲 | E711: S124419669 | F711: B | G711: 809 | H711: 0278 | I711: 60270400009620 | J711: 0988-153561 | K711: 高雄市路竹區大社路532巷9號
B712: 50536 | C712: TMBJR9NU9S5080074 | D712: 賴義男 | E712: S123206677 | F712: B | G712: 008 | H712: 6479 | I712: 647200201862 | J712: 0989858927 | K712: 高雄市六龜區舊庄巷55號
B713: 50537 | C713: WAUZZZF86RN011936 | D713: 王姝涵 | E713: D223142981 | F713: B | G713: 807 | H713: 0139 | I713: 01300400153175 | J713: 0921019753 | K713: 台南市安平區慶平路90號
B714: 50538 | C714: WVGZZZ5N0RM212033 | D714: 許秀如 | E714: N220287365 | F714: B | G714: 004 | H714: 0141 | I714: 014004720989 | J714: 0921-211502 | K714: 嘉義市東區後庄里東義路156巷16-5號
B715: 50539 | C715: WVGZZZCT2SW562372 | D715: 林佳玉 | E715: C220354960 | F715: B | G715: 013 | H715: 1070 | I715: 107500116969 | J715: 0958-237168 | K715: 雲林縣虎尾鎮廉使里廉使642之2號
B716: 50540 | C716: WVWZZZCD3SW250333 | D716: 蔡明翰 | E716: R123657593 | F716: P | G716: 700 | H716: 0021 | I716: 01911360477459 | J716: 0927-027766 | K716: 臺南市白河區三間厝1之16號
B717: 50541 | C717: WV2ZZZSK2SX109457 | D717: 劉慈慧 | E717: A224968413 | F717: B | G717: 807 | H717: 1217 | I717: 06801800634065 | J717: 930070165 | K717: 台北市內湖區新明路380巷4弄3號1樓
B718: 50542 | C718: WV2ZZZSKXSX115085 | D718: 黃碧秀 | E718: P220262574 | F718: P | G718: 700 | H718: 0021 | I718: 03011160535510 | J718: "0918522030 | K718: 雲林縣虎尾鎮興南里興南568號
B719: 50543 | C719: WVGZZZCT0SW562239 | D719: 呂奕慧 | E719: H224802168 | F719: B | G719: 822 | H719: 0026 | I719: 026540519064 | J719: 0911-085140 | K719: 新北市新莊區化成路205-46號3樓
B720: 50544 | C720: WVGZZZC17RY066738 | D720: 戴景愉 | E720: A229162751 | F720: B | J720: 0927-399-152 | K720: 台北市中山區北安路841巷8號4樓
B721: 50545 | C721: WVGZZZA14RV234632 | D721: 郭芳妤 | E721: F227231963 | F721: B | J721: 0911-573-971 | K721: 新北市樹林區學府路312號15樓
B722: 50546 | C722: WVGZZZCT6SW560978 | D722: 古銘仁 | E722: F129148058 | F722: B | G722: 012 | H722: 7107 | I722: 81680001643106 | J722: 0936-499201 | K722: 新北市樹林區東陽街31巷18號
B723: 50547 | C723: WVWZZZCD0SW624008 | D723: 陳君豪 | E723: F126336065 | F723: B | G723: 808 | H723: 0853 | I723: 0853968028701 | J723: 0956-468560 | K723: 新北市三重區安樂街60號4樓
B724: 50548 | C724: WVGZZZCT2SW560931 | D724: 簡泰寬 | E724: F122072042 | F724: B | G724: 822 | H724: 0369 | I724: 369511146288 | J724: 0933-002282 | K724: 新北市三峽區龍學里37鄰學府路138號10樓
B725: 50549 | C725: WVGZZZCTXSW562233 | D725: 呂嘉玲 | E725: H221030624 | F725: B | G725: 006 | H725: 3535 | I725: 3535872706595 | J725: 0936-050-882 | K725: 桃園市蘆竹區中興里2鄰上興路362號
B726: 50550 | C726: WVGZZZCT9SW561283 | D726: 廖佩璇 | E726: F223697705 | F726: P | G726: 700 | H726: 0021 | I726: 01213000296894 | J726: 0931-364-458 | K726: 桃園市桃園區瑞慶里18鄰莊一街90號12樓
B727: 50551 | C727: WVGZZZCT6SW561533 | D727: 張曉姍 | E727: F225326254 | F727: P | G727: 700 | H727: 0021 | I727: 01212050071171 | J727: 0916-776-136 | K727: 新北市鶯歌區鳳鳴里26鄰鶯桃路668巷55弄9號
B728: 50552 | C728: WVGZZZ5N4RM217543 | D728: 范國鈞 | E728: H121501313 | F728: B | G728: 017 | H728: 0295 | I728: 02910228381 | J728: 0937-969-419 | K728: 桃園市龜山區山德里7鄰忠孝街52號
B729: 50553 | C729: WVGZZZ5N7RM160366 | D729: 黃孟莉 | E729: F225930490 | F729: P | G729: 700 | H729: 0021 | I729: 00911390122201 | J729: 0955620122 | K729: 花蓮縣新城鄉光復路493號5樓之13
B730: 50554 | C730: WVGZZZCT9SW561932 | D730: 協真動力工程行呂家賢 | E730: 04882194 | F730: B | G730: 050 | H730: 0256 | I730: 02512125088 | J730: 0933999148 | K730: 台北市文山區興隆路一段70巷11弄7號1樓
B731: 50555 | C731: WVWZZZCJ6SD047843 | D731: 翁翠霙 | E731: Q222623094 | F731: B | G731: 812 | H731: 1134 | I731: 21131000019240 | J731: 0921550930 | K731: 台北市中正區忠孝西路一段66號34樓
B732: 50556 | C732: TMBGK9NW2S3152051 | D732: 廖劉明雪 | E732: L220378458 | F732: B | G732: 822 | H732: 3289 | I732: 289540126524 | J732: 0963258208 | K732: 台中市北屯區四平路447號
B733: 50557 | C733: TMBGR9NW3S3139076 | D733: 蔡鳳梅 | E733: P221754731 | F733: B | G733: 807 | H733: 0380 | I733: 03800400136766 | J733: 0912632171 | K733: 台中市南屯區公益路二段615之6號9F之5
... B741: 50565 | C741: WVGZZZ5N3RM161076 | D741: 方聿豪 | E741: V120945296 | F741: B | G741: 822 | H741: 0749 | I741: 749540221587 | J741: 0925-858-381 | K741: 新北市永和區中正路89號12樓
A742: N443 | C742: TMBJV0NX3SY157747 | D742: 洪明珠 | E742: S221494948 | F742: F | G742: 620 | H742: 0891 | I742: 00891220613310 | J742: 0960807525 | K742: 屏東縣枋寮鄉東海村工業八街259號
A743: N444 | C743: TMBGR9NW6S3144143 | D743: 陳詩涵 | E743: S224116423 | F743: B | G743: 017 | H743: 0033 | I743: 00313350633 | J743: 0916820110 | K743: 高雄市楠梓區清豐里38鄰常盛街258號
A744: N445 | C744: TMBJR9NU6S5072935 | D744: 施妤青 | E744: S223869461 | F744: B | G744: 803 | H744: 0766 | I744: 076508018889 | J744: 0972750122 | K744: 高雄市鳳山區和成街32號
A745: N446 | C745: TMBJB9PS0ST012533 | D745: 程建維 | E745: S124652093 | F745: B | G745: 812 | H745: 0399 | I745: 20391000285658 | J745: 0937422151 | K745: 高雄市鳳山區東門街43號11F
A746: N447 | C746: TMBLD9PS9ST067419 | D746: 永驊汽車股份有限公司 | E746: 79951566 | F746: B | G746: 009 | H746: 8244 | I746: 82440117156800 | J746: 07-7774546 | K746: 高雄市鳳山區建國路三段547號
A747: N448 | C747: TMBAR0NX8SM010478 | D747: 永驊汽車股份有限公司 | E747: 79951566 | F747: B | G747: 009 | H747: 8244 | I747: 82440117156800 | J747: 07-7774546 | K747: 高雄市鳳山區建國路三段547號
A748: N449 | C748: WAUZZZGY1SA153039 | D748: 劉紀伶 | E748: J222068463 | F748: B | G748: 008 | H748: 3009 | I748: 300200658788 | J748: 0928-581854 | K748: 新竹縣竹北市泰和一街33號4F
A749: N450 | C749: WAUZZZFU1SN053207 | D749: 吳詩晴 | E749: O200552130 | F749: B | G749: 050 | H749: 3202 | I749: 32062958374 | J749: 0968-701089 | K749: 新竹市香山區牛埔北路6號
...

Sheet submitted
A1: 單號 | B1: 雅博單號 | C1: 車牌號 | D1: 收單日期 | E1: 審核狀態 | F1: 退稅方式 | G1: 海關號碼 | H1: 收件號碼 | I1: 退/補件說明 | J1: 審核完成日 | K1: 退稅通知書製表日期
A2: A000001 | B2: D-2025AB01-2000CC-1 | C2: CCL-1231 | D2: 2025/10/21 | E2: 審核完成 | F2: 直撥退車主 | G2: AB | H2: AB20251021092 | J2: 2025/11/14 | K2: 2025/12/05
A3: A000002 | B3: D-2025AB01-2000CC-2 | C3: CBY-6753 | D3: 2025/10/21 | E3: 審核完成 | F3: 直撥退車主 | G3: AB | H3: AB20251021092 | J3: 2025/11/14 | K3: 2025/12/05
A4: A000003 | B4: D-2025AB01-2000CC-3 | C4: BWR-3880 | D4: 2025/10/21 | E4: 審核完成 | F4: 直撥退車主 | G4: AB | H4: AB20251021092 | J4: 2025/11/14 | K4: 2025/12/05
A5: A000004 | B5: D-2025AB01-2000CC-4 | C5: CAH-1122 | D5: 2025/10/21 | E5: 審核完成 | F5: 直撥退車主 | G5: AB | H5: AB20251021092 | J5: 2025/11/14 | K5: 2025/12/05
A6: A000005 | B6: D-2025AB01-2000CC-5 | C6: CBM-5051 | D6: 2025/10/21 | E6: 審核完成 | F6: 直撥退車主 | G6: AB | H6: AB20251021092 | J6: 2025/11/14 | K6: 2025/12/05
A7: A000006 | B7: D-2025AB01-2000CC-6 | C7: BZS-2592 | D7: 2025/10/21 | E7: 審核完成 | F7: 直撥退車主 | G7: AB | H7: AB20251021092 | J7: 2025/11/14 | K7: 2025/12/05
A8: A000007 | B8: D-2025AB01-2000CC-7 | C8: CAB-9552 | D8: 2025/11/10 | E8: 審核完成 | F8: 直撥退車主 | G8: AB | H8: AB20251110152 | J8: 2025/11/21 | K8: 2025/12/12
A9: A000008 | B9: D-2025AB01-2000CC-8 | C9: CBM-3893 | D9: 2025/10/21 | E9: 審核完成 | F9: 直撥退車主 | G9: AB | H9: AB20251021092 | J9: 2025/11/14 | K9: 2025/12/05
A10: A000009 | B10: D-2025AB01-2000CC-9 | C10: CAR-7378 | D10: 2025/10/21 | E10: 審核完成 | F10: 直撥退車主 | G10: AB | H10: AB20251021092 | J10: 2025/11/14 | K10: 2025/12/05
A11: A000010 | B11: D-2025AB01-2000CC-10 | C11: BZT-5216 | D11: 2025/10/21 | E11: 審核完成 | F11: 直撥退車主 | G11: AB | H11: AB20251021092 | J11: 2025/11/14 | K11: 2025/12/05
A12: A000011 | B12: D-2025AB01-2000CC-11 | C12: CCN-2198 | D12: 2025/10/21 | E12: 審核完成 | F12: 直撥退車主 | G12: AB | H12: AB20251021092 | J12: 2025/11/14 | K12: 2025/12/05
A13: A000012 | B13: D-2025AB01-2000CC-12 | C13: CAR-2951 | D13: 2025/10/21 | E13: 審核完成 | F13: 直撥退車主 | G13: AB | H13: AB20251021092 | J13: 2025/11/14 | K13: 2025/12/05
... A418: A000239 | B418: D-2025AB09-2000CC-17 | C418: BWX-7683 | D418: 2025/11/20 | E418: 審核完成 | F418: 直撥退車主 | G418: AB | H418: AB20251120016 | J418: 2025/12/05 | K418: 2025/12/19
A419: A000240 | B419: D-2025AB09-2000CC-18 | C419: BQH-5066 | D419: 2025/12/02 | E419: 審核完成 | G419: AB | H419: AB20251202050
A420: A000241 | B420: D-2025AB09-2000CC-19 | C420: CAE-5338 | D420: 2025/11/20 | E420: 審核完成 | F420: 直撥退車主 | G420: AB | H420: AB20251120016 | J420: 2025/12/05 | K420: 2025/12/19
A421: A000242 | B421: D-2025AB09-2000CC-20 | C421: BQG-9505 | D421: 2025/11/20 | E421: 審核完成 | F421: 直撥退車主 | G421: AB | H421: AB20251120016 | J421: 2025/12/05 | K421: 2025/12/19
A422: A000243 | B422: D-2025AB09-2000CC-21 | C422: CAY-9918 | D422: 2025/11/20 | E422: 審核完成 | F422: 直撥退車主 | G422: AB | H422: AB20251120016 | J422: 2025/12/05 | K422: 2025/12/19
A423: A000244 | B423: D-2025AB09-2000CC-22 | C423: CAR-1032 | D423: 2025/11/20 | E423: 審核完成 | F423: 直撥退車主 | G423: AB | H423: AB20251120016 | J423: 2025/12/05 | K423: 2025/12/19
A424: A000245 | B424: D-2025AB09-2000CC-23 | C424: CAS-1030 | D424: 2025/11/20 | E424: 審核完成 | F424: 直撥退車主 | G424: AB | H424: AB20251120016 | J424: 2025/12/05 | K424: 2025/12/19
A425: A000246 | B425: D-2025AB09-2000CC-24 | C425: CAY-6501 | D425: 2025/11/20 | E425: 審核完成 | F425: 直撥退車主 | G425: AB | H425: AB20251120016 | J425: 2025/12/05 | K425: 2025/12/19
A426: A000247 | B426: D-2025AB09-2000CC-25 | C426: CAY-5635 | D426: 2025/11/20 | E426: 審核完成 | F426: 直撥退車主 | G426: AB | H426: AB20251120016 | J426: 2025/12/05 | K426: 2025/12/19
A427: A000248 | B427: D-2025AB09-2000CC-26 | C427: CAY-9225 | D427: 2025/11/20 | E427: 審核完成 | F427: 直撥退車主 | G427: AB | H427: AB20251120016 | J427: 2025/12/05 | K427: 2025/12/19
A428: A000249 | B428: D-2025AB09-2000CC-27 | C428: CAY-8110 | D428: 2025/11/20 | E428: 審核完成 | F428: 直撥退車主 | G428: AB | H428: AB20251120016 | J428: 2025/12/05 | K428: 2025/12/19
A429: A000250 | B429: D-2025AB09-2000CC-28 | C429: CAR-6632 | D429: 2025/11/20 | E429: 審核完成 | F429: 直撥退車主 | G429: AB | H429: AB20251120016 | J429: 2025/12/05 | K429: 2025/12/19
A430: A000251 | B430: D-2025AB09-2000CC-29 | C430: CAY-8035 | D430: 2025/11/20 | E430: 審核完成 | F430: 直撥退車主 | G430: AB | H430: AB20251120016 | J430: 2025/12/05 | K430: 2025/12/19
A431: A000252 | B431: D-2025AB09-2000CC-30 | C431: CAY-3926 | D431: 2025/11/20 | E431: 審核完成 | F431: 直撥退車主 | G431: AB | H431: AB20251120016 | J431: 2025/12/05 | K431: 2025/12/19
... A666: A001521 | B666: D-2025AB12_2000CC-55 | C666: CAR-7086 | D666: 2025/12/02 | E666: 審核完成 | F666: 直撥退車主 | G666: AB | H666: AB20251202054 | J666: 2025/12/11 | K666: 2025/12/26
A667: A001522 | B667: D-2025AB12_2000CC-56 | C667: CBB-3525 | D667: 2025/12/02 | E667: 審核完成 | G667: AB | H667: AB20251202054 | J667: 2025/12/11
A668: A001523 | B668: D-2025AB12_2000CC-57 | C668: CBK-3177 | D668: 2025/12/02 | E668: 審核完成 | F668: 直撥退車主 | G668: AB | H668: AB20251202054 | J668: 2025/12/11 | K668: 2025/12/26
A669: A001524 | B669: D-2025AB12_2000CC-58 | C669: CBF-2025 | D669: 2025/12/02 | E669: 審核完成 | F669: 直撥退車主 | G669: AB | H669: AB20251202054 | J669: 2025/12/11 | K669: 2025/12/26
A670: A001525 | B670: D-2025AB12_2000CC-59 | C670: CAR-5106 | D670: 2025/12/02 | E670: 審核完成 | F670: 直撥退車主 | G670: AB | H670: AB20251202054 | J670: 2025/12/11 | K670: 2025/12/26
A671: A001526 | B671: D-2025AB12_2000CC-60 | C671: BWX-9219 | D671: 2025/12/02 | E671: 審核完成 | F671: 直撥退車主 | G671: AB | H671: AB20251202054 | J671: 2025/12/11 | K671: 2025/12/26
A672: A001527 | B672: D-2025AB12_2000CC-61 | C672: CAD-5993 | D672: 2025/12/02 | E672: 審核完成 | F672: 直撥退車主 | G672: AB | H672: AB20251202054 | J672: 2025/12/11 | K672: 2025/12/26
A673: A001528 | B673: D-2025AB12_2000CC-62 | C673: CAS-1285 | D673: 2025/12/02 | E673: 審核完成 | F673: 直撥退車主 | G673: AB | H673: AB20251202054 | J673: 2025/12/11 | K673: 2025/12/26
A674: A001529 | B674: D-2025AB12_2000CC-63 | C674: CCB-0206 | D674: 2025/12/02 | E674: 審核完成 | F674: 直撥退車主 | G674: AB | H674: AB20251202054 | J674: 2025/12/11 | K674: 2025/12/26
A675: A001530 | B675: D-2025AB12_2000CC-64 | C675: BWX-9259 | D675: 2025/12/02 | E675: 審核完成 | F675: 直撥退車主 | G675: AB | H675: AB20251202054 | J675: 2025/12/11 | K675: 2025/12/26
A676: A001531 | B676: D-2025AB12_2000CC-65 | C676: CCN-7677 | D676: 2025/12/02 | E676: 審核完成 | F676: 直撥退車主 | G676: AB | H676: AB20251202054 | J676: 2025/12/11 | K676: 2025/12/26
A677: A001532 | B677: D-2025AB12_2000CC-66 | C677: CAH-1380 | D677: 2025/12/02 | E677: 審核完成 | F677: 直撥退車主 | G677: AB | H677: AB20251202054 | J677: 2025/12/11 | K677: 2025/12/26
A678: A001533 | B678: D-2025AB12_2000CC-67 | C678: CAH-5505 | D678: 2025/12/02 | E678: 審核完成 | F678: 直撥退車主 | G678: AB | H678: AB20251202054 | J678: 2025/12/11 | K678: 2025/12/26
A679: A001534 | B679: D-2025AB12_2000CC-68 | C679: BZF-6022 | D679: 2025/12/11 | E679: 審核完成 | F679: 直撥退車主 | G679: AB | H679: AB20251202054 | J679: 2025/12/11 | K679: 46017
A680: A001535 | B680: D-2025AB12_2000CC-69 | C680: CBN-3268 | D680: 2025/12/02 | E680: 審核完成 | F680: 直撥退車主 | G680: AB | H680: AB20251202054 | J680: 2025/12/11 | K680: 2025/12/26
A681: A001536 | B681: D-2025AB12_2000CC-70 | C681: CBQ-0008 | D681: 2025/12/02 | E681: 審核完成 | F681: 直撥退車主 | G681: AB | H681: AB20251202054 | J681: 2025/12/11 | K681: 2025/12/26
A682: A001537 | B682: D-2025AB12_2000CC-71 | C682: CBN-1193 | D682: 2025/12/02 | E682: 審核完成 | F682: 直撥退車主 | G682: AB | H682: AB20251202054 | J682: 2025/12/11 | K682: 2025/12/26
A683: A001538 | B683: D-2025AB12_2000CC-72 | C683: CBP-1335 | D683: 2025/12/02 | E683: 審核完成 | F683: 直撥退車主 | G683: AB | H683: AB20251202054 | J683: 2025/12/11 | K683: 2025/12/26
A684: A001539 | B684: D-2025AB12_2000CC-73 | C684: BZP-8181 | D684: 2025/12/02 | E684: 審核完成 | F684: 直撥退車主 | G684: AB | H684: AB20251202054 | J684: 2025/12/11 | K684: 2025/12/26
A685: A001540 | B685: D-2025AB12_2000CC-74 | C685: CBB-8006 | D685: 2025/12/02 | E685: 審核完成 | F685: 直撥退車主 | G685: AB | H685: AB20251202054 | J685: 2025/12/11 | K685: 2025/12/26
A686: A001541 | B686: D-2025AB12_2000CC-75 | C686: CBC-0536 | D686: 2025/12/02 | E686: 審核完成 | F686: 直撥退車主 | G686: AB | H686: AB20251202054 | J686: 2025/12/11 | K686: 2025/12/26
A687: A001542 | B687: D-2025AB12_2000CC-76 | C687: CBN-6107 | D687: 2025/12/02 | E687: 審核完成 | F687: 直撥退車主 | G687: AB | H687: AB20251202054 | J687: 2025/12/11 | K687: 2025/12/26
A688: A001545 | B688: D-2025AB12_2000CC-79 | C688: CAH-2218 | D688: 2025/12/02 | E688: 審核完成 | F688: 直撥退車主 | G688: AB | H688: AB20251202054 | J688: 2025/12/11 | K688: 2025/12/26
A689: A001546 | B689: D-2025AB12_2000CC-80 | C689: BWR-6100 | D689: 2025/12/02 | E689: 審核完成 | F689: 直撥退車主 | G689: AB | H689: AB20251202054 | J689: 2025/12/11 | K689: 2025/12/26
A690: A001547 | B690: D-2025AB12_2000CC-81 | C690: CAR-8528 | D690: 2025/12/02 | E690: 審核完成 | F690: 直撥退車主 | G690: AB | H690: AB20251202054 | J690: 2025/12/11 | K690: 2025/12/26
A691: A001548 | B691: D-2025AB12_2000CC-82 | C691: CCH-2330 | D691: 2025/12/02 | E691: 審核完成 | F691: 直撥退車主 | G691: AB | H691: AB20251202054 | J691: 2025/12/11 | K691: 2025/12/26
... A783: A000544 | B783: D-2025AB13-2000CC-90 | C783: CAR-1575 | D783: 2025/12/02 | E783: 審核完成 | F783: 直撥退車主 | G783: AB | H783: AB20251202055 | J783: 2025/12/11 | K783: 2025/12/26
A784: A000545 | B784: D-2025AB13-2000CC-91 | C784: CAR-3235 | D784: 2025/12/02 | E784: 審核完成 | G784: AB | H784: AB20251202055 | J784: 2025/12/11
A785: A000546 | B785: D-2025AB13-2000CC-92 | C785: CCB-9388 | D785: 2025/12/02 | E785: 審核完成 | F785: 直撥退車主 | G785: AB | H785: AB20251202055 | J785: 2025/12/11 | K785: 2025/12/26
A786: A000547 | B786: D-2025AB13-2000CC-93 | C786: CBQ-0858 | D786: 2025/12/02 | E786: 審核完成 | F786: 直撥退車主 | G786: AB | H786: AB20251202055 | J786: 2025/12/11 | K786: 2025/12/26
A787: A000548 | B787: D-2025AB13-2000CC-94 | C787: CAY-7072 | D787: 2025/12/02 | E787: 審核完成 | F787: 直撥退車主 | G787: AB | H787: AB20251202055 | J787: 2025/12/11 | K787: 2025/12/26
A788: A000549 | B788: D-2025AB13-2000CC-95 | C788: BZU-1118 | D788: 2025/12/02 | E788: 審核完成 | F788: 直撥退車主 | G788: AB | H788: AB20251202055 | J788: 2025/12/11 | K788: 2025/12/26
A789: A000550 | B789: D-2025AB13-2000CC-96 | C789: CAY-9677 | D789: 2025/12/02 | E789: 審核完成 | F789: 直撥退車主 | G789: AB | H789: AB20251202055 | J789: 2025/12/11 | K789: 2025/12/26
A790: A000551 | B790: D-2025AB13-2000CC-97 | C790: CBK-5525 | D790: 2025/12/02 | E790: 審核完成 | F790: 直撥退車主 | G790: AB | H790: AB20251202055 | J790: 2025/12/11 | K790: 2025/12/26
A791: A000552 | B791: D-2025AB13-2000CC-98 | C791: CAY-9987 | D791: 2025/12/02 | E791: 審核完成 | F791: 直撥退車主 | G791: AB | H791: AB20251202055 | J791: 2025/12/11 | K791: 2025/12/26
A792: A000723 | B792: D-2025AB14-2000CC-1 | C792: CBB-9875 | D792: 2025/12/02 | E792: 審核完成 | F792: 直撥退車主 | G792: AB | H792: AB20251202056 | J792: 2025/12/11 | K792: 2025/12/26
A793: A000724 | B793: D-2025AB14-2000CC-2 | C793: CBB-9718 | D793: 2025/12/02 | E793: 審核完成 | F793: 直撥退車主 | G793: AB | H793: AB20251202056 | J793: 2025/12/11 | K793: 2025/12/26
A794: A000725 | B794: D-2025AB14-2000CC-3 | C794: CBN-6103 | D794: 2025/12/02 | E794: 審核完成 | F794: 直撥退車主 | G794: AB | H794: AB20251202056 | J794: 2025/12/11 | K794: 2025/12/26
A795: A000726 | B795: D-2025AB14-2000CC-4 | C795: CBN-8200 | D795: 2025/12/02 | E795: 審核完成 | F795: 直撥退車主 | G795: AB | H795: AB20251202056 | J795: 2025/12/11 | K795: 2025/12/26
A796: A000727 | B796: D-2025AB14-2000CC-5 | C796: CAH-3030 | D796: 2025/12/02 | E796: 審核完成 | F796: 直撥退車主 | G796: AB | H796: AB20251202056 | J796: 2025/12/11 | K796: 2025/12/26
... A799: A000731 | B799: D-2025AB14-2000CC-8 | C799: CAH-2158 | D799: 2025/12/02 | E799: 審核完成 | F799: 直撥退車主 | G799: AB | H799: AB20251202056 | J799: 2025/12/11 | K799: 2025/12/26
A800: A000732 | B800: D-2025AB14-2000CC-9 | C800: BQG-9173 | D800: 2025/12/02 | E800: 審核完成 | G800: AB | H800: AB20251202056 | J800: 2025/12/11
A801: A000733 | B801: D-2025AB14-2000CC-10 | C801: CCD-0108 | D801: 2025/12/02 | E801: 審核完成 | F801: 直撥退車主 | G801: AB | H801: AB20251202056 | J801: 2025/12/11 | K801: 2025/12/26
A802: A000734 | B802: D-2025AB14-2000CC-11 | C802: CCN-3186 | D802: 2025/12/02 | E802: 審核完成 | F802: 直撥退車主 | G802: AB | H802: AB20251202056 | J802: 2025/12/11 | K802: 2025/12/26
A803: A000735 | B803: D-2025AB14-2000CC-12 | C803: CBM-9936 | D803: 2025/12/02 | E803: 審核完成 | F803: 直撥退車主 | G803: AB | H803: AB20251202056 | J803: 2025/12/11 | K803: 2025/12/26
A804: A000736 | B804: D-2025AB14-2000CC-13 | C804: CAF-1213 | D804: 2025/12/02 | E804: 審核完成 | F804: 直撥退車主 | G804: AB | H804: AB20251202056 | J804: 2025/12/11 | K804: 2025/12/26
A805: A000737 | B805: D-2025AB14-2000CC-14 | C805: CCN-6811 | D805: 2025/12/02 | E805: 審核完成 | G805: AB | H805: AB20251202056 | J805: 2025/12/11
A806: A000738 | B806: D-2025AB14-2000CC-15 | C806: CBX-5233 | D806: 2025/12/02 | E806: 審核完成 | F806: 直撥退車主 | G806: AB | H806: AB20251202056 | J806: 2025/12/11 | K806: 2025/12/26
A807: A000739 | B807: D-2025AB14-2000CC-16 | C807: CAH-2725 | D807: 2025/12/02 | E807: 審核完成 | F807: 直撥退車主 | G807: AB | H807: AB20251202056 | J807: 2025/12/11 | K807: 2025/12/26
A808: A000740 | B808: D-2025AB14-2000CC-17 | C808: CCN-1321 | D808: 2025/12/02 | E808: 審核完成 | F808: 直撥退車主 | G808: AB | H808: AB20251202056 | J808: 2025/12/11 | K808: 2025/12/26
A809: A000741 | B809: D-2025AB14-2000CC-18 | C809: CAJ-2177 | D809: 2025/12/02 | E809: 審核完成 | F809: 直撥退車主 | G809: AB | H809: AB20251202056 | J809: 2025/12/11 | K809: 2025/12/26
A810: A000742 | B810: D-2025AB14-2000CC-19 | C810: CCN-3799 | D810: 2025/12/02 | E810: 審核完成 | F810: 直撥退車主 | G810: AB | H810: AB20251202056 | J810: 2025/12/11 | K810: 2025/12/26
A811: A000747 | B811: D-2025AB14-2000CC-20 | C811: CCM-8796 | D811: 2025/12/02 | E811: 審核完成 | F811: 直撥退車主 | G811: AB | H811: AB20251202056 | J811: 2025/12/11 | K811: 2025/12/26
A812: A000748 | B812: D-2025AB14-2000CC-21 | C812: CBF-0109 | D812: 2025/12/02 | E812: 審核完成 | F812: 直撥退車主 | G812: AB | H812: AB20251202056 | J812: 2025/12/11 | K812: 2025/12/26
A813: A000749 | B813: D-2025AB14-2000CC-22 | C813: BXW-3786 | D813: 2025/12/02 | E813: 審核完成 | F813: 直撥退車主 | G813: AB | H813: AB20251202056 | J813: 2025/12/11 | K813: 2025/12/26
A814: A000750 | B814: D-2025AB14-2000CC-23 | C814: BXW-1899 | D814: 2025/12/02 | E814: 審核完成 | F814: 直撥退車主 | G814: AB | H814: AB20251202056 | J814: 2025/12/11 | K814: 2025/12/26
A815: A000751 | B815: D-2025AB14-2000CC-24 | C815: BXV-9156 | D815: 2025/12/02 | E815: 審核完成 | F815: 直撥退車主 | G815: AB | H815: AB20251202056 | J815: 2025/12/11 | K815: 2025/12/26
A816: A000753 | B816: D-2025AB14-2000CC-25 | C816: CBN-5608 | D816: 2025/12/02 | E816: 審核完成 | F816: 直撥退車主 | G816: AB | H816: AB20251202056 | J816: 2025/12/11 | K816: 2025/12/26
A817: A000754 | B817: D-2025AB14-2000CC-26 | C817: CBM-5307 | D817: 2025/12/02 | E817: 審核完成 | F817: 直撥退車主 | G817: AB | H817: AB20251202056 | J817: 2025/12/11 | K817: 2025/12/26
... A899: A000832 | B899: D-2025AB15-2000CC-10 | C899: CCB-9099 | D899: 2025/12/02 | E899: 審核完成 | F899: 直撥退車主 | G899: AB | H899: AB20251202057 | J899: 2025/12/11 | K899: 2025/12/26
A900: A000833 | B900: D-2025AB16-2000CC-1 | C900: CBM-6926 | D900: 2025/12/10 | E900: 審核完成 | G900: AB | H900: AB20251210112 | J900: 2026/01/15
A901: A000834 | B901: D-2025AB16-2000CC-2 | C901: CAR-7267 | D901: 2025/12/10 | E901: 審核完成 | G901: AB | H901: AB20251210112 | J901: 2026/01/15
A902: A000835 | B902: D-2025AB16-2000CC-3 | C902: CBP-2822 | D902: 2025/12/10 | E902: 審核完成 | G902: AB | H902: AB20251210112 | J902: 2026/01/15
A903: A000836 | B903: D-2025AB16-2000CC-4 | C903: CBU-1616 | D903: 2025/12/10 | E903: 審核完成 | G903: AB | H903: AB20251210112 | J903: 2026/01/15
A904: A000837 | B904: D-2025AB16-2000CC-5 | C904: CBU-1128 | D904: 2025/12/10 | E904: 審核完成 | G904: AB | H904: AB20251210112 | J904: 2026/01/15
A905: A000838 | B905: D-2025AB16-2000CC-6 | C905: CBQ-2699 | D905: 2025/12/10 | E905: 審核完成 | G905: AB | H905: AB20251210112 | J905: 2026/01/15
A906: A000839 | B906: D-2025AB16-2000CC-7 | C906: CBP-1967 | D906: 2025/12/10 | E906: 審核完成 | G906: AB | H906: AB20251210112 | J906: 2026/01/15
A907: A000840 | B907: D-2025AB16-2000CC-8 | C907: CBP-2593 | D907: 2025/12/10 | E907: 審核完成 | G907: AB | H907: AB20251210112 | J907: 2026/01/15
A908: A000841 | B908: D-2025AB16-2000CC-9 | C908: CBP-3151 | D908: 2025/12/10 | E908: 審核完成 | G908: AB | H908: AB20251210112 | J908: 2026/01/15
A909: A000842 | B909: D-2025AB16-2000CC-10 | C909: CAH-0077 | D909: 2025/12/10 | E909: 審核完成 | G909: AB | H909: AB20251210112 | J909: 2026/01/15
A910: A000843 | B910: D-2025AB16-2000CC-11 | C910: CCN-2329 | D910: 2025/12/10 | E910: 審核完成 | G910: AB | H910: AB20251210112 | J910: 2026/01/15
A911: A000844 | B911: D-2025AB16-2000CC-12 | C911: CAR-7167 | D911: 2025/12/10 | E911: 審核完成 | G911: AB | H911: AB20251210112 | J911: 2026/01/15
... A922: A000855 | B922: D-2025AB16-2000CC-23 | C922: CCL-9737 | D922: 2025/12/10 | E922: 審核完成 | G922: AB | H922: AB20251210112 | J922: 2026/01/15
...

Sheet Sheet1
A1: 牌照號碼 | B1: 車身號碼 | C1: 送件案號
A2: CCL-1231 | B2: TMBAR0NX1SM057335 | C2: 2025AB01-1
A3: CBY-6753 | B3: TMBER9PJ6S4099241 | C3: 2025AB01-2
A4: BWR-3880 | B4: WVWZZZCD0SW246322 | C4: 2025AB01-3
A5: CAH-1122 | B5: WAUZZZGY7SA148167 | C5: 2025AB01-4
A6: CBM-5051 | B6: TMBLD9PS9ST075259 | C6: 2025AB01-5
A7: BZS-2592 | B7: WVGZZZC12RY088372 | C7: 2025AB01-6
A8: CAB-9552 | B8: TMBER9PJ5S4091941 | C8: 2025AB01-7
A9: CBM-3893 | B9: WVGZZZC13RY089062 | C9: 2025AB01-8
A10: CAR-7378 | B10: WVWZZZCD4SW198579 | C10: 2025AB01-9
A11: BZT-5216 | B11: TMBJV0NX5SY151562 | C11: 2025AB01-10
A12: CCN-2198 | B12: TMBLG9PS7ST093086 | C12: 2025AB01-11
... A470: CCL-0975 | B470: TMBJB9PS8ST078781 | C470: 2025AB09-69

Sheet Sheet2
A1: 單號 | B1: 雅博單號 | C1: 車牌號 | D1: 收單日期 | E1: 審核狀態 | F1: 退稅方式 | G1: 海關號碼 | H1: 收件號碼 | I1: 退/補件說明 | J1: 審核完成日 | K1: 退稅通知書製表日期
A2: A000856 | B2: D-2025AB16-2000CC-24 | C2: CBK-6812 | D2: 2026/01/01 | E2: 審核完成 | G2: AB | H2: AB20260101263 | J2: 2026/02/02
A3: A001969 | B3: D-2026AB01-2000CC-1 | C3: RFX-8638 | D3: 2026/01/05 | E3: 審核完成 | G3: AB | H3: AB20260105269 | J3: 2026/02/02
A4: A001970 | B4: D-2026AB01-2000CC-2 | C4: RFX-8626 | D4: 2026/01/05 | E4: 審核完成 | G4: AB | H4: AB20260105269 | J4: 2026/02/02
A5: A001971 | B5: D-2026AB01-2000CC-3 | C5: CBK-3787 | D5: 2026/01/05 | E5: 審核完成 | G5: AB | H5: AB20260105269 | J5: 2026/02/02
A6: A001972 | B6: D-2026AB01-2000CC-4 | C6: CBK-2360 | D6: 2026/01/05 | E6: 審核完成 | G6: AB | H6: AB20260105269 | J6: 2026/02/02
A7: A001973 | B7: D-2026AB01-2000CC-5 | C7: CAY-6716 | D7: 2026/01/05 | E7: 審核完成 | G7: AB | H7: AB20260105269 | J7: 2026/02/02
A8: A001974 | B8: D-2026AB01-2000CC-6 | C8: CAY-8731 | D8: 2026/01/05 | E8: 審核完成 | G8: AB | H8: AB20260105269 | J8: 2026/02/02
A9: A001976 | B9: D-2026AB01-2000CC-7 | C9: CAE-9727 | D9: 2026/01/05 | E9: 審核完成 | G9: AB | H9: AB20260105269 | J9: 2026/02/02
A10: A001977 | B10: D-2026AB01-2000CC-8 | C10: CBN-7557 | D10: 2026/01/05 | E10: 審核完成 | G10: AB | H10: AB20260105269 | J10: 2026/02/02
A11: A001978 | B11: D-2026AB01-2000CC-9 | C11: CBU-8686 | D11: 2026/01/05 | E11: 審核完成 | G11: AB | H11: AB20260105269 | J11: 2026/02/02
A12: A001979 | B12: D-2026AB01-2000CC-10 | C12: CBQ-3517 | D12: 2026/01/05 | E12: 審核完成 | G12: AB | H12: AB20260105269 | J12: 2026/02/02
A13: A001980 | B13: D-2026AB01-2000CC-11 | C13: CBS-1061 | D13: 2026/01/05 | E13: 審核完成 | G13: AB | H13: AB20260105269 | J13: 2026/02/02
... A66: A002121 | B66: D-2026AB01-2000CC-64 | C66: CAH-5325 | D66: 2026/01/05 | E66: 審核完成 | G66: AB | H66: AB20260105269 | J66: 2026/02/02
A67: A002122 | B67: D-2026AB01-2000CC-65 | C67: CAH-9939 | D67: 2026/01/14 | E67: 審核中 | G67: AB | H67: AB20260114319
A68: A002124 | B68: D-2026AB01-2000CC-66 | C68: CAH-5315 | D68: 2026/01/14 | E68: 審核中 | G68: AB | H68: AB20260114319
A69: A002125 | B69: D-2026AB01-2000CC-67 | C69: BPN-3168 | D69: 2026/01/05 | E69: 審核完成 | G69: AB | H69: AB20260105269 | J69: 2026/02/02
A70: A002126 | B70: D-2026AB01-2000CC-68 | C70: CCN-8766 | D70: 2026/01/05 | E70: 審核完成 | G70: AB | H70: AB20260105269 | J70: 2026/02/02
A71: A002127 | B71: D-2026AB01-2000CC-69 | C71: CCN-3637 | D71: 2026/01/05 | E71: 審核完成 | G71: AB | H71: AB20260105269 | J71: 2026/02/02
A72: A002128 | B72: D-2026AB01-2000CC-70 | C72: CCN-3630 | D72: 2026/01/05 | E72: 審核完成 | G72: AB | H72: AB20260105269 | J72: 2026/02/02
A73: A002129 | B73: D-2026AB01-2000CC-71 | C73: CCN-3627 | D73: 2026/01/05 | E73: 審核完成 | G73: AB | H73: AB20260105269 | J73: 2026/02/02
A74: A002130 | B74: D-2026AB01-2000CC-72 | C74: CCM-9672 | D74: 2026/01/05 | E74: 審核完成 | G74: AB | H74: AB20260105269 | J74: 2026/02/02
A75: A002131 | B75: D-2026AB01-2000CC-73 | C75: CCN-3632 | D75: 2026/01/05 | E75: 審核完成 | G75: AB | H75: AB20260105269 | J75: 2026/02/02
A76: A002132 | B76: D-2026AB01-2000CC-74 | C76: CCN-3631 | D76: 2026/01/05 | E76: 審核完成 | G76: AB | H76: AB20260105269 | J76: 2026/02/02
A77: A002134 | B77: D-2026AB01-2000CC-75 | C77: CCN-3625 | D77: 2026/01/05 | E77: 審核完成 | G77: AB | H77: AB20260105269 | J77: 2026/02/02
A78: A002135 | B78: D-2026AB01-2000CC-76 | C78: CCN-2733 | D78: 2026/01/05 | E78: 審核完成 | G78: AB | H78: AB20260105269 | J78: 2026/02/02
A79: A002136 | B79: D-2026AB01-2000CC-77 | C79: CCN-1706 | D79: 2026/01/05 | E79: 審核完成 | G79: AB | H79: AB20260105269 | J79: 2026/02/02
A80: A002137 | B80: D-2026AB01-2000CC-78 | C80: CCN-3621 | D80: 2026/01/05 | E80: 審核完成 | G80: AB | H80: AB20260105269 | J80: 2026/02/02
... A90: A002146 | B90: D-2026AB02-2000CC-8 | C90: BZF-7879 | D90: 2026/01/05 | E90: 審核完成 | G90: AB | H90: AB20260105270 | J90: 2026/02/02
A91: A002147 | B91: D-2026AB02-2000CC-9 | C91: CBQ-2526 | D91: 2026/01/14 | E91: 審核中 | G91: AB | H91: AB20260114319
A92: A002148 | B92: D-2026AB02-2000CC-10 | C92: CBQ-1827 | D92: 2026/01/14 | E92: 審核中 | G92: AB | H92: AB20260114319
A93: A002149 | B93: D-2026AB02-2000CC-11 | C93: CBS-1383 | D93: 2026/01/14 | E93: 審核中 | G93: AB | H93: AB20260114319
A94: A002150 | B94: D-2026AB02-2000CC-12 | C94: CBS-0175 | D94: 2026/01/05 | E94: 審核完成 | G94: AB | H94: AB20260105270 | J94: 2026/02/02
A95: A002151 | B95: D-2026AB02-2000CC-13 | C95: CBP-7078 | D95: 2026/01/14 | E95: 審核中 | G95: AB | H95: AB20260114319
A96: A002152 | B96: D-2026AB02-2000CC-14 | C96: CBP-2929 | D96: 2026/01/05 | E96: 審核完成 | G96: AB | H96: AB20260105270 | J96: 2026/02/02
A97: A002153 | B97: D-2026AB02-2000CC-15 | C97: CBF-2663 | D97: 2026/01/05 | E97: 審核完成 | G97: AB | H97: AB20260105270 | J97: 2026/02/02
A98: A002155 | B98: D-2026AB02-2000CC-16 | C98: CBK-8961 | D98: 2026/01/05 | E98: 審核完成 | G98: AB | H98: AB20260105270 | J98: 2026/02/02
A99: A002156 | B99: D-2026AB02-2000CC-17 | C99: BXW-5669 | D99: 2026/01/05 | E99: 審核完成 | G99: AB | H99: AB20260105270 | J99: 2026/02/02
A100: A002157 | B100: D-2026AB02-2000CC-18 | C100: BNW-7239 | D100: 2026/01/14 | E100: 審核中 | G100: AB | H100: AB20260114319
A101: A002158 | B101: D-2026AB02-2000CC-19 | C101: BZF-7939 | D101: 2026/01/14 | E101: 審核中 | G101: AB | H101: AB20260114319
A102: A002159 | B102: D-2026AB02-2000CC-20 | C102: CBQ-1050 | D102: 2026/01/05 | E102: 審核完成 | G102: AB | H102: AB20260105270 | J102: 2026/02/02
A103: A002160 | B103: D-2026AB02-2000CC-21 | C103: BZT-7926 | D103: 2026/01/05 | E103: 審核完成 | G103: AB | H103: AB20260105270 | J103: 2026/02/02
A104: A002161 | B104: D-2026AB02-2000CC-22 | C104: BZF-3057 | D104: 2026/01/05 | E104: 審核完成 | G104: AB | H104: AB20260105270 | J104: 2026/02/02
A105: A002162 | B105: D-2026AB02-2000CC-23 | C105: BZF-7375 | D105: 2026/01/14 | E105: 審核中 | G105: AB | H105: AB20260114319
A106: A002163 | B106: D-2026AB02-2000CC-24 | C106: BZF-7376 | D106: 2026/01/14 | E106: 審核中 | G106: AB | H106: AB20260114319
A107: A002164 | B107: D-2026AB02-2000CC-25 | C107: BZF-7380 | D107: 2026/01/14 | E107: 審核中 | G107: AB | H107: AB20260114319
A108: A002165 | B108: D-2026AB02-2000CC-26 | C108: CAF-0200 | D108: 2026/01/14 | E108: 審核中 | G108: AB | H108: AB20260114319
A109: A002166 | B109: D-2026AB02-2000CC-27 | C109: CAD-3905 | D109: 2026/01/05 | E109: 審核完成 | G109: AB | H109: AB20260105270 | J109: 2026/02/02
A110: A002167 | B110: D-2026AB02-2000CC-28 | C110: BZF-7379 | D110: 2026/01/05 | E110: 審核完成 | G110: AB | H110: AB20260105270 | J110: 2026/02/02
A111: A002168 | B111: D-2026AB02-2000CC-29 | C111: BZF-7372 | D111: 2026/01/14 | E111: 審核中 | G111: AB | H111: AB20260114319
A112: A002169 | B112: D-2026AB02-2000CC-30 | C112: CBC-6906 | D112: 2026/01/05 | E112: 審核完成 | G112: AB | H112: AB20260105270 | J112: 2026/02/02
A113: A002170 | B113: D-2026AB02-2000CC-31 | C113: RFX-3972 | D113: 2026/01/14 | E113: 審核中 | G113: AB | H113: AB20260114319
A114: A002171 | B114: D-2026AB02-2000CC-32 | C114: RFX-8883 | D114: 2026/01/05 | E114: 審核完成 | G114: AB | H114: AB20260105270 | J114: 2026/02/02
A115: A002172 | B115: D-2026AB02-2000CC-33 | C115: CBC-9768 | D115: 2026/01/05 | E115: 審核完成 | G115: AB | H115: AB20260105270 | J115: 2026/02/02
A116: A002173 | B116: D-2026AB02-2000CC-34 | C116: CBC-5213 | D116: 2026/01/14 | E116: 審核中 | G116: AB | H116: AB20260114319
A117: A002174 | B117: D-2026AB02-2000CC-35 | C117: CBC-8622 | D117: 2026/01/05 | E117: 審核完成 | G117: AB | H117: AB20260105270 | J117: 2026/02/02
A118: A002175 | B118: D-2026AB02-2000CC-36 | C118: CAT-8225 | D118: 2026/01/14 | E118: 審核中 | G118: AB | H118: AB20260114319
A119: A002176 | B119: D-2026AB02-2000CC-37 | C119: CAT-1825 | D119: 2026/01/14 | E119: 審核中 | G119: AB | H119: AB20260114319
A120: A002177 | B120: D-2026AB02-2000CC-38 | C120: CBC-8131 | D120: 2026/01/05 | E120: 審核完成 | G120: AB | H120: AB20260105270 | J120: 2026/02/02
A121: A002178 | B121: D-2026AB02-2000CC-39 | C121: CBC-3230 | D121: 2026/01/05 | E121: 審核完成 | G121: AB | H121: AB20260105270 | J121: 2026/02/02
A122: A002179 | B122: D-2026AB02-2000CC-40 | C122: CAS-3626 | D122: 2026/01/14 | E122: 審核中 | G122: AB | H122: AB20260114319
A123: A002180 | B123: D-2026AB02-2000CC-41 | C123: BZP-9018 | D123: 2026/01/14 | E123: 審核中 | G123: AB | H123: AB20260114319
A124: A002181 | B124: D-2026AB02-2000CC-42 | C124: BXW-0720 | D124: 2026/01/05 | E124: 審核完成 | G124: AB | H124: AB20260105270 | J124: 2026/02/02
A125: A002182 | B125: D-2026AB02-2000CC-43 | C125: CBB-6519 | D125: 2026/01/05 | E125: 審核完成 | G125: AB | H125: AB20260105270 | J125: 2026/02/02
A126: A002183 | B126: D-2026AB02-2000CC-44 | C126: CBC-8931 | D126: 2026/01/14 | E126: 審核中 | G126: AB | H126: AB20260114319
A127: A002184 | B127: D-2026AB02-2000CC-45 | C127: CBC-6601 | D127: 2026/01/05 | E127: 審核完成 | G127: AB | H127: AB20260105270 | J127: 2026/02/02
A128: A002185 | B128: D-2026AB02-2000CC-46 | C128: CBC-5212 | D128: 2026/01/14 | E128: 審核中 | G128: AB | H128: AB20260114319
A129: A002186 | B129: D-2026AB02-2000CC-47 | C129: CAT-2238 | D129: 2026/01/14 | E129: 審核中 | G129: AB | H129: AB20260114319
A130: A002187 | B130: D-2026AB02-2000CC-48 | C130: CBK-7267 | D130: 2026/01/05 | E130: 審核完成 | G130: AB | H130: AB20260105270 | J130: 2026/02/02
A131: A002188 | B131: D-2026AB02-2000CC-49 | C131: CCB-6009 | D131: 2026/01/14 | E131: 審核中 | G131: AB | H131: AB20260114319
A132: A002189 | B132: D-2026AB02-2000CC-50 | C132: CAT-6065 | D132: 2026/01/14 | E132: 審核中 | G132: AB | H132: AB20260114319
A133: A002190 | B133: D-2026AB02-2000CC-51 | C133: BZP-7337 | D133: 2026/01/05 | E133: 審核完成 | G133: AB | H133: AB20260105270 | J133: 2026/02/02
A134: A002191 | B134: D-2026AB02-2000CC-52 | C134: BPN-5528 | D134: 2026/01/05 | E134: 審核完成 | G134: AB | H134: AB20260105270 | J134: 2026/02/02
A135: A002192 | B135: D-2026AB02-2000CC-53 | C135: CCN-8078 | D135: 2026/01/05 | E135: 審核完成 | G135: AB | H135: AB20260105270 | J135: 2026/02/02
A136: A002193 | B136: D-2026AB02-2000CC-54 | C136: CCN-8085 | D136: 2026/01/05 | E136: 審核完成 | G136: AB | H136: AB20260105270 | J136: 2026/02/02
A137: A002194 | B137: D-2026AB02-2000CC-55 | C137: BZT-8929 | D137: 2026/01/05 | E137: 審核完成 | G137: AB | H137: AB20260105270 | J137: 2026/02/02
A138: A002195 | B138: D-2026AB02-2000CC-56 | C138: CAF-0036 | D138: 2026/01/05 | E138: 審核完成 | G138: AB | H138: AB20260105270 | J138: 2026/02/02
A139: A002196 | B139: D-2026AB02-2000CC-57 | C139: CBX-5682 | D139: 2026/01/05 | E139: 審核完成 | G139: AB | H139: AB20260105270 | J139: 2026/02/02
A140: A002197 | B140: D-2026AB02-2000CC-58 | C140: CAH-3635 | D140: 2026/01/05 | E140: 審核完成 | G140: AB | H140: AB20260105270 | J140: 2026/02/02
A141: A002198 | B141: D-2026AB02-2000CC-59 | C141: BYB-0030 | D141: 2026/01/05 | E141: 審核完成 | G141: AB | H141: AB20260105270 | J141: 2026/02/02
A142: A002199 | B142: D-2026AB02-2000CC-60 | C142: CAH-2735 | D142: 2026/01/05 | E142: 審核完成 | G142: AB | H142: AB20260105270 | J142: 2026/02/02
A143: A002200 | B143: D-2026AB02-2000CC-61 | C143: CAH-5316 | D143: 2026/01/14 | E143: 審核中 | G143: AB | H143: AB20260114319
A144: A002490 | B144: D-2026AB03-2000CC-1 | C144: CCN-5003 | D144: 2026/01/05 | E144: 審核完成 | G144: AB | H144: AB20260105272 | J144: 2026/02/02
A145: A002491 | B145: D-2026AB03-2000CC-2 | C145: CCN-9628 | D145: 2026/01/05 | E145: 審核完成 | G145: AB | H145: AB20260105272 | J145: 2026/02/02
A146: A002492 | B146: D-2026AB03-2000CC-3 | C146: CAH-8629 | D146: 2026/01/05 | E146: 審核完成 | G146: AB | H146: AB20260105272 | J146: 2026/02/02
A147: A002493 | B147: D-2026AB03-2000CC-4 | C147: BWX-8707 | D147: 2026/01/14 | E147: 審核中 | G147: AB | H147: AB20260114319
A148: A002494 | B148: D-2026AB03-2000CC-5 | C148: CCN-5279 | D148: 2026/01/05 | E148: 審核完成 | G148: AB | H148: AB20260105272 | J148: 2026/02/02
A149: A002495 | B149: D-2026AB03-2000CC-6 | C149: CAH-7755 | D149: 2026/01/05 | E149: 審核完成 | G149: AB | H149: AB20260105272 | J149: 2026/02/02
A150: A002496 | B150: D-2026AB03-2000CC-7 | C150: CAE-5117 | D150: 2026/01/14 | E150: 審核中 | G150: AB | H150: AB20260114319
A151: A002497 | B151: D-2026AB03-2000CC-8 | C151: CAF-8618 | D151: 2026/01/05 | E151: 審核完成 | G151: AB | H151: AB20260105272 | J151: 2026/02/02
A152: A002498 | B152: D-2026AB03-2000CC-9 | C152: CAD-6280 | D152: 2026/01/05 | E152: 審核完成 | G152: AB | H152: AB20260105272 | J152: 2026/02/02
A153: A002500 | B153: D-2026AB03-2000CC-10 | C153: CCN-3096 | D153: 2026/01/05 | E153: 審核完成 | G153: AB | H153: AB20260105272 | J153: 2026/02/02
A154: A002501 | B154: D-2026AB03-2000CC-11 | C154: CCN-3385 | D154: 2026/01/05 | E154: 審核完成 | G154: AB | H154: AB20260105272 | J154: 2026/02/02
A155: A002502 | B155: D-2026AB03-2000CC-12 | C155: CCF-1780 | D155: 2026/01/05 | E155: 審核完成 | G155: AB | H155: AB20260105272 | J155: 2026/02/02
A156: A002503 | B156: D-2026AB03-2000CC-13 | C156: CAH-6327 | D156: 2026/01/05 | E156: 審核完成 | G156: AB | H156: AB20260105272 | J156: 2026/02/02
A157: A002504 | B157: D-2026AB03-2000CC-14 | C157: BPN-1102 | D157: 2026/01/05 | E157: 審核完成 | G157: AB | H157: AB20260105272 | J157: 2026/02/02
A158: A002505 | B158: D-2026AB03-2000CC-15 | C158: BXV-9813 | D158: 2026/01/05 | E158: 審核完成 | G158: AB | H158: AB20260105272 | J158: 2026/02/02
A159: A002506 | B159: D-2026AB03-2000CC-16 | C159: BXW-3099 | D159: 2026/01/05 | E159: 審核完成 | G159: AB | H159: AB20260105272 | J159: 2026/02/02
A160: A002507 | B160: D-2026AB03-2000CC-17 | C160: BXW-1671 | D160: 2026/01/05 | E160: 審核完成 | G160: AB | H160: AB20260105272 | J160: 2026/02/02
A161: A002508 | B161: D-2026AB03-2000CC-18 | C161: BXW-0560 | D161: 2026/01/05 | E161: 審核完成 | G161: AB | H161: AB20260105272 | J161: 2026/02/02
...
